position,trackName,trackId,artists,date
1,MILLION DOLLAR BABY,7fzHQizxTqy8wTXwlrgPQQ,Tommy Richman,2024-05-16
2,Not Like Us,6AI3ezQ4o3HUoP6Dhudph3,Kendrick Lamar,2024-05-16
3,Espresso,2qSkIjg1o9h3YT9RAgYN75,Sabrina Carpenter,2024-05-16
4,I Had Some Help (Feat. Morgan Wallen),7221xIgOnuakPdLqT0F3nP,Post Malone; Morgan Wallen,2024-05-16
5,i like the way you kiss me,2GxrNKugF82CnoRFbQfzPf,Artemas,2024-05-16
6,Gata Only,6XjDF6nds4DE2BBbagZol6,FloyyMenor; Cris Mj,2024-05-16
7,Fortnight (feat. Post Malone),2OzhQlSqBEmt7hmkYxfT6m,Taylor Swift; Post Malone,2024-05-16
8,A Bar Song (Tipsy),2FQrifJ1N335Ljm3TjTVVf,Shaboozey,2024-05-16
9,Too Sweet,5Z0UnEtpLDQyYlWwgi8m9C,Hozier,2024-05-16
10,Beautiful Things,3xkHsmpQCBMytMJNiDf3Ii,Benson Boone,2024-05-16
11,we can't be friends (wait for your love),51ZQ1vr10ffzbwIjDCwqm4,Ariana Grande,2024-05-16
12,End of Beginning,3qhlB30KknSejmIvZZLjOD,Djo,2024-05-16
13,I Can Do It With a Broken Heart,4q5YezDOIPcoLr8R81x9qy,Taylor Swift,2024-05-16
14,euphoria,77DRzu7ERs0TX3roZcre7Q,Kendrick Lamar,2024-05-16
15,Lose Control,17phhZDn6oGtzMe56NuWvj,Teddy Swims,2024-05-16
16,Like That,2tudvzsrR56uom6smgOcSf,Future; Metro Boomin; Kendrick Lamar,2024-05-16
17,Santa,5bi0gh89wRuH2OgjdAKFsb,Rvssian; Rauw Alejandro; Ayra Starr,2024-05-16
18,Belong Together,5uQ7de4EWjb3rkcFxyEOpu,Mark Ambor,2024-05-16
19,"One Of The Girls (with JENNIE, Lily Rose Depp)",7CyPwkp0oE8Ro9Dd5CUDjW,The Weeknd; JENNIE; Lily-Rose Depp,2024-05-16
20,Saturn,1bjeWoagtHmUKputLVyDxQ,SZA,2024-05-16
21,Down Bad,2F3N9tdombb64aW6VtZOdo,Taylor Swift,2024-05-16
22,Cruel Summer,1BxfuPKGuaTgP7aM0Bbdwr,Taylor Swift,2024-05-16
23,Europapa,0uHrMbMv3c78398pIANDqR,Joost,2024-05-16
24,As It Was,4Dvkj6JhhA12EX05fT7y2e,Harry Styles,2024-05-16
25,Madonna,5LhI8m7n8xlQmNe3b7Rwis,Natanael Cano; Oscar Maydon,2024-05-16
26,Austin,2uqYupMHANxnwgeiXTZXzd,Dasha,2024-05-16
27,greedy,3rUGC1vUpkDG9CZFHMur1t,Tate McRae,2024-05-16
28,Slow It Down,51eSHglvG1RJXtL3qI5trr,Benson Boone,2024-05-16
29,FE!N (feat. Playboi Carti),42VsgItocQwOQC3XWZ8JNA,Travis Scott; Playboi Carti,2024-05-16
30,Magnetic,1aKvZDoLGkNMxoRYgkckZG,ILLIT,2024-05-16
31,Who’s Afraid of Little Old Me?,36t6frENUtCYKuZus6aYDO,Taylor Swift,2024-05-16
32,LUNA,7bywjHOc0wSjGGbj04XbVi,Feid; ATL Jacob,2024-05-16
33,"Good Luck, Babe!",0WbMK4wrZ1wFSty9F7FCgu,Chappell Roan,2024-05-16
34,Sweater Weather,2QjOHCTQ1Jl3zawyYOpxh6,The Neighbourhood,2024-05-16
35,I Wanna Be Yours,5XeFesFbtLpXzIVDNQP22n,Arctic Monkeys,2024-05-16
36,Guilty as Sin?,0W0iAC1VGlB82PI6elxFYf,Taylor Swift,2024-05-16
37,Pedro,48lxT5qJF0yYyf2z4wB4xW,Jaxomy; Agatino Romero; Raffaella Carrà,2024-05-16
38,Stick Season,0mflMxspEfB0VbI1kyLiAv,Noah Kahan,2024-05-16
39,The Code,1EjIXKhNHI00ZLMRpS8iz8,Nemo,2024-05-16
40,"So Long, London",3Vevii7qKqrmW8CcyzBHDl,Taylor Swift,2024-05-16
41,Stargazing,3Vr3zh0r7ALn8VLqCiRR10,Myles Smith,2024-05-16
42,Tell Ur Girlfriend,3lMzT16MjAKKXF7pSZn13B,Lay Bankz,2024-05-16
43,My Love Mine All Mine,3vkCueOmm7xQDoJ17W1Pm3,Mitski,2024-05-16
44,ADIVINO,0LZy30mVmxqUpdQmaXKXBd,Myke Towers; Bad Bunny,2024-05-16
45,The Night We Met,3hRV0jL3vUpRrcy398teAU,Lord Huron,2024-05-16
46,But Daddy I Love Him,5og4Qzt92jJzVDkOtSEilb,Taylor Swift,2024-05-16
47,Type Shit,28drn6tQo95MRvO0jQEo5C,Future; Metro Boomin; Travis Scott; Playboi Carti,2024-05-16
48,My Boy Only Breaks His Favorite Toys,2XXwLdtuAcE0HSCu61ijAb,Taylor Swift,2024-05-16
49,Si No Quieres No,1C84d9abZVKWHT2YYpoean,Luis R Conriquez; Neton Vega,2024-05-16
50,See You Again (feat. Kali Uchis),7KA4W4McWYRpgf0fWsJZWB,"Tyler, The Creator; Kali Uchis",2024-05-16
1,MILLION DOLLAR BABY,7fzHQizxTqy8wTXwlrgPQQ,Tommy Richman,2024-05-17
2,Not Like Us,6AI3ezQ4o3HUoP6Dhudph3,Kendrick Lamar,2024-05-17
3,Espresso,2qSkIjg1o9h3YT9RAgYN75,Sabrina Carpenter,2024-05-17
4,I Had Some Help (Feat. Morgan Wallen),7221xIgOnuakPdLqT0F3nP,Post Malone; Morgan Wallen,2024-05-17
5,i like the way you kiss me,2GxrNKugF82CnoRFbQfzPf,Artemas,2024-05-17
6,Gata Only,6XjDF6nds4DE2BBbagZol6,FloyyMenor; Cris Mj,2024-05-17
7,Fortnight (feat. Post Malone),2OzhQlSqBEmt7hmkYxfT6m,Taylor Swift; Post Malone,2024-05-17
8,A Bar Song (Tipsy),2FQrifJ1N335Ljm3TjTVVf,Shaboozey,2024-05-17
9,Too Sweet,5Z0UnEtpLDQyYlWwgi8m9C,Hozier,2024-05-17
10,Beautiful Things,3xkHsmpQCBMytMJNiDf3Ii,Benson Boone,2024-05-17
11,we can't be friends (wait for your love),51ZQ1vr10ffzbwIjDCwqm4,Ariana Grande,2024-05-17
12,End of Beginning,3qhlB30KknSejmIvZZLjOD,Djo,2024-05-17
13,I Can Do It With a Broken Heart,4q5YezDOIPcoLr8R81x9qy,Taylor Swift,2024-05-17
14,euphoria,77DRzu7ERs0TX3roZcre7Q,Kendrick Lamar,2024-05-17
15,Lose Control,17phhZDn6oGtzMe56NuWvj,Teddy Swims,2024-05-17
16,Like That,2tudvzsrR56uom6smgOcSf,Future; Metro Boomin; Kendrick Lamar,2024-05-17
17,Santa,5bi0gh89wRuH2OgjdAKFsb,Rvssian; Rauw Alejandro; Ayra Starr,2024-05-17
18,Belong Together,5uQ7de4EWjb3rkcFxyEOpu,Mark Ambor,2024-05-17
19,"One Of The Girls (with JENNIE, Lily Rose Depp)",7CyPwkp0oE8Ro9Dd5CUDjW,The Weeknd; JENNIE; Lily-Rose Depp,2024-05-17
20,Saturn,1bjeWoagtHmUKputLVyDxQ,SZA,2024-05-17
21,Down Bad,2F3N9tdombb64aW6VtZOdo,Taylor Swift,2024-05-17
22,Cruel Summer,1BxfuPKGuaTgP7aM0Bbdwr,Taylor Swift,2024-05-17
23,Europapa,0uHrMbMv3c78398pIANDqR,Joost,2024-05-17
24,As It Was,4Dvkj6JhhA12EX05fT7y2e,Harry Styles,2024-05-17
25,Madonna,5LhI8m7n8xlQmNe3b7Rwis,Natanael Cano; Oscar Maydon,2024-05-17
26,Austin,2uqYupMHANxnwgeiXTZXzd,Dasha,2024-05-17
27,greedy,3rUGC1vUpkDG9CZFHMur1t,Tate McRae,2024-05-17
28,Slow It Down,51eSHglvG1RJXtL3qI5trr,Benson Boone,2024-05-17
29,FE!N (feat. Playboi Carti),42VsgItocQwOQC3XWZ8JNA,Travis Scott; Playboi Carti,2024-05-17
30,Magnetic,1aKvZDoLGkNMxoRYgkckZG,ILLIT,2024-05-17
31,Who’s Afraid of Little Old Me?,36t6frENUtCYKuZus6aYDO,Taylor Swift,2024-05-17
32,LUNA,7bywjHOc0wSjGGbj04XbVi,Feid; ATL Jacob,2024-05-17
33,"Good Luck, Babe!",0WbMK4wrZ1wFSty9F7FCgu,Chappell Roan,2024-05-17
34,Sweater Weather,2QjOHCTQ1Jl3zawyYOpxh6,The Neighbourhood,2024-05-17
35,I Wanna Be Yours,5XeFesFbtLpXzIVDNQP22n,Arctic Monkeys,2024-05-17
36,Guilty as Sin?,0W0iAC1VGlB82PI6elxFYf,Taylor Swift,2024-05-17
37,Pedro,48lxT5qJF0yYyf2z4wB4xW,Jaxomy; Agatino Romero; Raffaella Carrà,2024-05-17
38,Stick Season,0mflMxspEfB0VbI1kyLiAv,Noah Kahan,2024-05-17
39,The Code,1EjIXKhNHI00ZLMRpS8iz8,Nemo,2024-05-17
40,"So Long, London",3Vevii7qKqrmW8CcyzBHDl,Taylor Swift,2024-05-17
41,Stargazing,3Vr3zh0r7ALn8VLqCiRR10,Myles Smith,2024-05-17
42,Tell Ur Girlfriend,3lMzT16MjAKKXF7pSZn13B,Lay Bankz,2024-05-17
43,My Love Mine All Mine,3vkCueOmm7xQDoJ17W1Pm3,Mitski,2024-05-17
44,ADIVINO,0LZy30mVmxqUpdQmaXKXBd,Myke Towers; Bad Bunny,2024-05-17
45,The Night We Met,3hRV0jL3vUpRrcy398teAU,Lord Huron,2024-05-17
46,But Daddy I Love Him,5og4Qzt92jJzVDkOtSEilb,Taylor Swift,2024-05-17
47,Type Shit,28drn6tQo95MRvO0jQEo5C,Future; Metro Boomin; Travis Scott; Playboi Carti,2024-05-17
48,My Boy Only Breaks His Favorite Toys,2XXwLdtuAcE0HSCu61ijAb,Taylor Swift,2024-05-17
49,Si No Quieres No,1C84d9abZVKWHT2YYpoean,Luis R Conriquez; Neton Vega,2024-05-17
50,See You Again (feat. Kali Uchis),7KA4W4McWYRpgf0fWsJZWB,"Tyler, The Creator; Kali Uchis",2024-05-17
1,MILLION DOLLAR BABY,7fzHQizxTqy8wTXwlrgPQQ,Tommy Richman,2024-05-18
2,Not Like Us,6AI3ezQ4o3HUoP6Dhudph3,Kendrick Lamar,2024-05-18
3,Espresso,2qSkIjg1o9h3YT9RAgYN75,Sabrina Carpenter,2024-05-18
4,I Had Some Help (Feat. Morgan Wallen),7221xIgOnuakPdLqT0F3nP,Post Malone; Morgan Wallen,2024-05-18
5,i like the way you kiss me,2GxrNKugF82CnoRFbQfzPf,Artemas,2024-05-18
6,A Bar Song (Tipsy),2FQrifJ1N335Ljm3TjTVVf,Shaboozey,2024-05-18
7,Gata Only,6XjDF6nds4DE2BBbagZol6,FloyyMenor; Cris Mj,2024-05-18
8,Too Sweet,5Z0UnEtpLDQyYlWwgi8m9C,Hozier,2024-05-18
9,Beautiful Things,3xkHsmpQCBMytMJNiDf3Ii,Benson Boone,2024-05-18
10,Fortnight (feat. Post Malone),2OzhQlSqBEmt7hmkYxfT6m,Taylor Swift; Post Malone,2024-05-18
11,we can't be friends (wait for your love),51ZQ1vr10ffzbwIjDCwqm4,Ariana Grande,2024-05-18
12,End of Beginning,3qhlB30KknSejmIvZZLjOD,Djo,2024-05-18
13,I Can Do It With a Broken Heart,4q5YezDOIPcoLr8R81x9qy,Taylor Swift,2024-05-18
14,Lose Control,17phhZDn6oGtzMe56NuWvj,Teddy Swims,2024-05-18
15,Like That,2tudvzsrR56uom6smgOcSf,Future; Metro Boomin; Kendrick Lamar,2024-05-18
16,euphoria,77DRzu7ERs0TX3roZcre7Q,Kendrick Lamar,2024-05-18
17,Santa,5bi0gh89wRuH2OgjdAKFsb,Rvssian; Rauw Alejandro; Ayra Starr,2024-05-18
18,Belong Together,5uQ7de4EWjb3rkcFxyEOpu,Mark Ambor,2024-05-18
19,"One Of The Girls (with JENNIE, Lily Rose Depp)",7CyPwkp0oE8Ro9Dd5CUDjW,The Weeknd; JENNIE; Lily-Rose Depp,2024-05-18
20,Saturn,1bjeWoagtHmUKputLVyDxQ,SZA,2024-05-18
21,Cruel Summer,1BxfuPKGuaTgP7aM0Bbdwr,Taylor Swift,2024-05-18
22,Down Bad,2F3N9tdombb64aW6VtZOdo,Taylor Swift,2024-05-18
23,Madonna,5LhI8m7n8xlQmNe3b7Rwis,Natanael Cano; Oscar Maydon,2024-05-18
24,As It Was,4Dvkj6JhhA12EX05fT7y2e,Harry Styles,2024-05-18
25,Austin,2uqYupMHANxnwgeiXTZXzd,Dasha,2024-05-18
26,greedy,3rUGC1vUpkDG9CZFHMur1t,Tate McRae,2024-05-18
27,FE!N (feat. Playboi Carti),42VsgItocQwOQC3XWZ8JNA,Travis Scott; Playboi Carti,2024-05-18
28,LUNA,7bywjHOc0wSjGGbj04XbVi,Feid; ATL Jacob,2024-05-18
29,Europapa,0uHrMbMv3c78398pIANDqR,Joost,2024-05-18
30,Slow It Down,51eSHglvG1RJXtL3qI5trr,Benson Boone,2024-05-18
31,Magnetic,1aKvZDoLGkNMxoRYgkckZG,ILLIT,2024-05-18
32,Pedro,48lxT5qJF0yYyf2z4wB4xW,Jaxomy; Agatino Romero; Raffaella Carrà,2024-05-18
33,I Wanna Be Yours,5XeFesFbtLpXzIVDNQP22n,Arctic Monkeys,2024-05-18
34,"Good Luck, Babe!",0WbMK4wrZ1wFSty9F7FCgu,Chappell Roan,2024-05-18
35,Stick Season,0mflMxspEfB0VbI1kyLiAv,Noah Kahan,2024-05-18
36,Who’s Afraid of Little Old Me?,36t6frENUtCYKuZus6aYDO,Taylor Swift,2024-05-18
37,Sweater Weather,2QjOHCTQ1Jl3zawyYOpxh6,The Neighbourhood,2024-05-18
38,Stargazing,3Vr3zh0r7ALn8VLqCiRR10,Myles Smith,2024-05-18
39,Guilty as Sin?,0W0iAC1VGlB82PI6elxFYf,Taylor Swift,2024-05-18
40,ADIVINO,0LZy30mVmxqUpdQmaXKXBd,Myke Towers; Bad Bunny,2024-05-18
41,My Love Mine All Mine,3vkCueOmm7xQDoJ17W1Pm3,Mitski,2024-05-18
42,"So Long, London",3Vevii7qKqrmW8CcyzBHDl,Taylor Swift,2024-05-18
43,Tell Ur Girlfriend,3lMzT16MjAKKXF7pSZn13B,Lay Bankz,2024-05-18
44,The Code,1EjIXKhNHI00ZLMRpS8iz8,Nemo,2024-05-18
45,The Night We Met,3hRV0jL3vUpRrcy398teAU,Lord Huron,2024-05-18
46,Si No Quieres No,1C84d9abZVKWHT2YYpoean,Luis R Conriquez; Neton Vega,2024-05-18
47,But Daddy I Love Him,5og4Qzt92jJzVDkOtSEilb,Taylor Swift,2024-05-18
48,Type Shit,28drn6tQo95MRvO0jQEo5C,Future; Metro Boomin; Travis Scott; Playboi Carti,2024-05-18
49,My Boy Only Breaks His Favorite Toys,2XXwLdtuAcE0HSCu61ijAb,Taylor Swift,2024-05-18
50,See You Again (feat. Kali Uchis),7KA4W4McWYRpgf0fWsJZWB,"Tyler, The Creator; Kali Uchis",2024-05-18
1,MILLION DOLLAR BABY,7fzHQizxTqy8wTXwlrgPQQ,Tommy Richman,2024-05-19
2,LUNCH,629DixmZGHc7ILtEntuiWE,Billie Eilish,2024-05-19
3,CHIHIRO,7BRD7x5pt8Lqa1eGYC4dzj,Billie Eilish,2024-05-19
4,Espresso,2qSkIjg1o9h3YT9RAgYN75,Sabrina Carpenter,2024-05-19
5,Not Like Us,6AI3ezQ4o3HUoP6Dhudph3,Kendrick Lamar,2024-05-19
6,I Had Some Help (Feat. Morgan Wallen),7221xIgOnuakPdLqT0F3nP,Post Malone; Morgan Wallen,2024-05-19
7,SKINNY,1CsMKhwEmNnmvHUuO5nryA,Billie Eilish,2024-05-19
8,BIRDS OF A FEATHER,6dOtVTDdiauQNBQEDOtlAB,Billie Eilish,2024-05-19
9,i like the way you kiss me,2GxrNKugF82CnoRFbQfzPf,Artemas,2024-05-19
10,Gata Only,6XjDF6nds4DE2BBbagZol6,FloyyMenor; Cris Mj,2024-05-19
11,WILDFLOWER,3QaPy1KgI7nu9FJEQUgn6h,Billie Eilish,2024-05-19
12,A Bar Song (Tipsy),2FQrifJ1N335Ljm3TjTVVf,Shaboozey,2024-05-19
13,Too Sweet,5Z0UnEtpLDQyYlWwgi8m9C,Hozier,2024-05-19
14,Beautiful Things,3xkHsmpQCBMytMJNiDf3Ii,Benson Boone,2024-05-19
15,L’AMOUR DE MA VIE,6fPan2saHdFaIHuTSatORv,Billie Eilish,2024-05-19
16,THE GREATEST,6TGd66r0nlPaYm3KIoI7ET,Billie Eilish,2024-05-19
17,Fortnight (feat. Post Malone),2OzhQlSqBEmt7hmkYxfT6m,Taylor Swift; Post Malone,2024-05-19
18,BLUE,2prqm9sPLj10B4Wg0wE5x9,Billie Eilish,2024-05-19
19,THE DINER,1LLUoftvmTjVNBHZoQyveF,Billie Eilish,2024-05-19
20,we can't be friends (wait for your love),51ZQ1vr10ffzbwIjDCwqm4,Ariana Grande,2024-05-19
21,BITTERSUITE,7DpUoxGSdlDHfqCYj0otzU,Billie Eilish,2024-05-19
22,End of Beginning,3qhlB30KknSejmIvZZLjOD,Djo,2024-05-19
23,Lose Control,17phhZDn6oGtzMe56NuWvj,Teddy Swims,2024-05-19
24,Santa,5bi0gh89wRuH2OgjdAKFsb,Rvssian; Rauw Alejandro; Ayra Starr,2024-05-19
25,I Can Do It With a Broken Heart,4q5YezDOIPcoLr8R81x9qy,Taylor Swift,2024-05-19
26,Like That,2tudvzsrR56uom6smgOcSf,Future; Metro Boomin; Kendrick Lamar,2024-05-19
27,euphoria,77DRzu7ERs0TX3roZcre7Q,Kendrick Lamar,2024-05-19
28,Belong Together,5uQ7de4EWjb3rkcFxyEOpu,Mark Ambor,2024-05-19
29,"One Of The Girls (with JENNIE, Lily Rose Depp)",7CyPwkp0oE8Ro9Dd5CUDjW,The Weeknd; JENNIE; Lily-Rose Depp,2024-05-19
30,Cruel Summer,1BxfuPKGuaTgP7aM0Bbdwr,Taylor Swift,2024-05-19
31,Madonna,5LhI8m7n8xlQmNe3b7Rwis,Natanael Cano; Oscar Maydon,2024-05-19
32,Saturn,1bjeWoagtHmUKputLVyDxQ,SZA,2024-05-19
33,As It Was,4Dvkj6JhhA12EX05fT7y2e,Harry Styles,2024-05-19
34,Austin,2uqYupMHANxnwgeiXTZXzd,Dasha,2024-05-19
35,LUNA,7bywjHOc0wSjGGbj04XbVi,Feid; ATL Jacob,2024-05-19
36,Down Bad,2F3N9tdombb64aW6VtZOdo,Taylor Swift,2024-05-19
37,greedy,3rUGC1vUpkDG9CZFHMur1t,Tate McRae,2024-05-19
38,Pedro,48lxT5qJF0yYyf2z4wB4xW,Jaxomy; Agatino Romero; Raffaella Carrà,2024-05-19
39,FE!N (feat. Playboi Carti),42VsgItocQwOQC3XWZ8JNA,Travis Scott; Playboi Carti,2024-05-19
40,Stargazing,3Vr3zh0r7ALn8VLqCiRR10,Myles Smith,2024-05-19
41,Europapa,0uHrMbMv3c78398pIANDqR,Joost,2024-05-19
42,Slow It Down,51eSHglvG1RJXtL3qI5trr,Benson Boone,2024-05-19
43,Stick Season,0mflMxspEfB0VbI1kyLiAv,Noah Kahan,2024-05-19
44,Sweater Weather,2QjOHCTQ1Jl3zawyYOpxh6,The Neighbourhood,2024-05-19
45,"Good Luck, Babe!",0WbMK4wrZ1wFSty9F7FCgu,Chappell Roan,2024-05-19
46,Magnetic,1aKvZDoLGkNMxoRYgkckZG,ILLIT,2024-05-19
47,I Wanna Be Yours,5XeFesFbtLpXzIVDNQP22n,Arctic Monkeys,2024-05-19
48,Who’s Afraid of Little Old Me?,36t6frENUtCYKuZus6aYDO,Taylor Swift,2024-05-19
49,ADIVINO,0LZy30mVmxqUpdQmaXKXBd,Myke Towers; Bad Bunny,2024-05-19
50,Si No Quieres No,1C84d9abZVKWHT2YYpoean,Luis R Conriquez; Neton Vega,2024-05-19
1,MILLION DOLLAR BABY,7fzHQizxTqy8wTXwlrgPQQ,Tommy Richman,2024-05-20
2,Not Like Us,6AI3ezQ4o3HUoP6Dhudph3,Kendrick Lamar,2024-05-20
3,Espresso,2qSkIjg1o9h3YT9RAgYN75,Sabrina Carpenter,2024-05-20
4,LUNCH,629DixmZGHc7ILtEntuiWE,Billie Eilish,2024-05-20
5,I Had Some Help (Feat. Morgan Wallen),7221xIgOnuakPdLqT0F3nP,Post Malone; Morgan Wallen,2024-05-20
6,CHIHIRO,7BRD7x5pt8Lqa1eGYC4dzj,Billie Eilish,2024-05-20
7,Gata Only,6XjDF6nds4DE2BBbagZol6,FloyyMenor; Cris Mj,2024-05-20
8,i like the way you kiss me,2GxrNKugF82CnoRFbQfzPf,Artemas,2024-05-20
9,A Bar Song (Tipsy),2FQrifJ1N335Ljm3TjTVVf,Shaboozey,2024-05-20
10,BIRDS OF A FEATHER,6dOtVTDdiauQNBQEDOtlAB,Billie Eilish,2024-05-20
11,Too Sweet,5Z0UnEtpLDQyYlWwgi8m9C,Hozier,2024-05-20
12,Beautiful Things,3xkHsmpQCBMytMJNiDf3Ii,Benson Boone,2024-05-20
13,Fortnight (feat. Post Malone),2OzhQlSqBEmt7hmkYxfT6m,Taylor Swift; Post Malone,2024-05-20
14,SKINNY,1CsMKhwEmNnmvHUuO5nryA,Billie Eilish,2024-05-20
15,WILDFLOWER,3QaPy1KgI7nu9FJEQUgn6h,Billie Eilish,2024-05-20
16,we can't be friends (wait for your love),51ZQ1vr10ffzbwIjDCwqm4,Ariana Grande,2024-05-20
17,BLUE,2prqm9sPLj10B4Wg0wE5x9,Billie Eilish,2024-05-20
18,L’AMOUR DE MA VIE,6fPan2saHdFaIHuTSatORv,Billie Eilish,2024-05-20
19,THE GREATEST,6TGd66r0nlPaYm3KIoI7ET,Billie Eilish,2024-05-20
20,End of Beginning,3qhlB30KknSejmIvZZLjOD,Djo,2024-05-20
21,Lose Control,17phhZDn6oGtzMe56NuWvj,Teddy Swims,2024-05-20
22,Santa,5bi0gh89wRuH2OgjdAKFsb,Rvssian; Rauw Alejandro; Ayra Starr,2024-05-20
23,THE DINER,1LLUoftvmTjVNBHZoQyveF,Billie Eilish,2024-05-20
24,BITTERSUITE,7DpUoxGSdlDHfqCYj0otzU,Billie Eilish,2024-05-20
25,I Can Do It With a Broken Heart,4q5YezDOIPcoLr8R81x9qy,Taylor Swift,2024-05-20
26,Like That,2tudvzsrR56uom6smgOcSf,Future; Metro Boomin; Kendrick Lamar,2024-05-20
27,"One Of The Girls (with JENNIE, Lily Rose Depp)",7CyPwkp0oE8Ro9Dd5CUDjW,The Weeknd; JENNIE; Lily-Rose Depp,2024-05-20
28,Cruel Summer,1BxfuPKGuaTgP7aM0Bbdwr,Taylor Swift,2024-05-20
29,euphoria,77DRzu7ERs0TX3roZcre7Q,Kendrick Lamar,2024-05-20
30,Madonna,5LhI8m7n8xlQmNe3b7Rwis,Natanael Cano; Oscar Maydon,2024-05-20
31,Saturn,1bjeWoagtHmUKputLVyDxQ,SZA,2024-05-20
32,As It Was,4Dvkj6JhhA12EX05fT7y2e,Harry Styles,2024-05-20
33,LUNA,7bywjHOc0wSjGGbj04XbVi,Feid; ATL Jacob,2024-05-20
34,Austin,2uqYupMHANxnwgeiXTZXzd,Dasha,2024-05-20
35,Belong Together,5uQ7de4EWjb3rkcFxyEOpu,Mark Ambor,2024-05-20
36,Pedro,48lxT5qJF0yYyf2z4wB4xW,Jaxomy; Agatino Romero; Raffaella Carrà,2024-05-20
37,FE!N (feat. Playboi Carti),42VsgItocQwOQC3XWZ8JNA,Travis Scott; Playboi Carti,2024-05-20
38,greedy,3rUGC1vUpkDG9CZFHMur1t,Tate McRae,2024-05-20
39,Si No Quieres No,1C84d9abZVKWHT2YYpoean,Luis R Conriquez; Neton Vega,2024-05-20
40,Down Bad,2F3N9tdombb64aW6VtZOdo,Taylor Swift,2024-05-20
41,Magnetic,1aKvZDoLGkNMxoRYgkckZG,ILLIT,2024-05-20
42,Europapa,0uHrMbMv3c78398pIANDqR,Joost,2024-05-20
43,Stick Season,0mflMxspEfB0VbI1kyLiAv,Noah Kahan,2024-05-20
44,I Wanna Be Yours,5XeFesFbtLpXzIVDNQP22n,Arctic Monkeys,2024-05-20
45,"Good Luck, Babe!",0WbMK4wrZ1wFSty9F7FCgu,Chappell Roan,2024-05-20
46,Slow It Down,51eSHglvG1RJXtL3qI5trr,Benson Boone,2024-05-20
47,Stargazing,3Vr3zh0r7ALn8VLqCiRR10,Myles Smith,2024-05-20
48,Sweater Weather,2QjOHCTQ1Jl3zawyYOpxh6,The Neighbourhood,2024-05-20
49,TEXAS HOLD 'EM,7wLShogStyDeZvL0a6daN5,Beyoncé,2024-05-20
50,Who’s Afraid of Little Old Me?,36t6frENUtCYKuZus6aYDO,Taylor Swift,2024-05-20
1,MILLION DOLLAR BABY,7fzHQizxTqy8wTXwlrgPQQ,Tommy Richman,2024-05-21
2,Espresso,2qSkIjg1o9h3YT9RAgYN75,Sabrina Carpenter,2024-05-21
3,Not Like Us,6AI3ezQ4o3HUoP6Dhudph3,Kendrick Lamar,2024-05-21
4,LUNCH,629DixmZGHc7ILtEntuiWE,Billie Eilish,2024-05-21
5,I Had Some Help (Feat. Morgan Wallen),7221xIgOnuakPdLqT0F3nP,Post Malone; Morgan Wallen,2024-05-21
6,CHIHIRO,7BRD7x5pt8Lqa1eGYC4dzj,Billie Eilish,2024-05-21
7,Gata Only,6XjDF6nds4DE2BBbagZol6,FloyyMenor; Cris Mj,2024-05-21
8,BIRDS OF A FEATHER,6dOtVTDdiauQNBQEDOtlAB,Billie Eilish,2024-05-21
9,i like the way you kiss me,2GxrNKugF82CnoRFbQfzPf,Artemas,2024-05-21
10,A Bar Song (Tipsy),2FQrifJ1N335Ljm3TjTVVf,Shaboozey,2024-05-21
11,Too Sweet,5Z0UnEtpLDQyYlWwgi8m9C,Hozier,2024-05-21
12,Beautiful Things,3xkHsmpQCBMytMJNiDf3Ii,Benson Boone,2024-05-21
13,Fortnight (feat. Post Malone),2OzhQlSqBEmt7hmkYxfT6m,Taylor Swift; Post Malone,2024-05-21
14,we can't be friends (wait for your love),51ZQ1vr10ffzbwIjDCwqm4,Ariana Grande,2024-05-21
15,WILDFLOWER,3QaPy1KgI7nu9FJEQUgn6h,Billie Eilish,2024-05-21
16,End of Beginning,3qhlB30KknSejmIvZZLjOD,Djo,2024-05-21
17,SKINNY,1CsMKhwEmNnmvHUuO5nryA,Billie Eilish,2024-05-21
18,BLUE,2prqm9sPLj10B4Wg0wE5x9,Billie Eilish,2024-05-21
19,L’AMOUR DE MA VIE,6fPan2saHdFaIHuTSatORv,Billie Eilish,2024-05-21
20,THE GREATEST,6TGd66r0nlPaYm3KIoI7ET,Billie Eilish,2024-05-21
21,Lose Control,17phhZDn6oGtzMe56NuWvj,Teddy Swims,2024-05-21
22,Santa,5bi0gh89wRuH2OgjdAKFsb,Rvssian; Rauw Alejandro; Ayra Starr,2024-05-21
23,I Can Do It With a Broken Heart,4q5YezDOIPcoLr8R81x9qy,Taylor Swift,2024-05-21
24,THE DINER,1LLUoftvmTjVNBHZoQyveF,Billie Eilish,2024-05-21
25,"One Of The Girls (with JENNIE, Lily Rose Depp)",7CyPwkp0oE8Ro9Dd5CUDjW,The Weeknd; JENNIE; Lily-Rose Depp,2024-05-21
26,Cruel Summer,1BxfuPKGuaTgP7aM0Bbdwr,Taylor Swift,2024-05-21
27,Like That,2tudvzsrR56uom6smgOcSf,Future; Metro Boomin; Kendrick Lamar,2024-05-21
28,BITTERSUITE,7DpUoxGSdlDHfqCYj0otzU,Billie Eilish,2024-05-21
29,Saturn,1bjeWoagtHmUKputLVyDxQ,SZA,2024-05-21
30,euphoria,77DRzu7ERs0TX3roZcre7Q,Kendrick Lamar,2024-05-21
31,Madonna,5LhI8m7n8xlQmNe3b7Rwis,Natanael Cano; Oscar Maydon,2024-05-21
32,As It Was,4Dvkj6JhhA12EX05fT7y2e,Harry Styles,2024-05-21
33,I Wanna Be Yours,5XeFesFbtLpXzIVDNQP22n,Arctic Monkeys,2024-05-21
34,Austin,2uqYupMHANxnwgeiXTZXzd,Dasha,2024-05-21
35,Magnetic,1aKvZDoLGkNMxoRYgkckZG,ILLIT,2024-05-21
36,Belong Together,5uQ7de4EWjb3rkcFxyEOpu,Mark Ambor,2024-05-21
37,greedy,3rUGC1vUpkDG9CZFHMur1t,Tate McRae,2024-05-21
38,LUNA,7bywjHOc0wSjGGbj04XbVi,Feid; ATL Jacob,2024-05-21
39,Si No Quieres No,1C84d9abZVKWHT2YYpoean,Luis R Conriquez; Neton Vega,2024-05-21
40,Down Bad,2F3N9tdombb64aW6VtZOdo,Taylor Swift,2024-05-21
41,FE!N (feat. Playboi Carti),42VsgItocQwOQC3XWZ8JNA,Travis Scott; Playboi Carti,2024-05-21
42,"Good Luck, Babe!",0WbMK4wrZ1wFSty9F7FCgu,Chappell Roan,2024-05-21
43,Stick Season,0mflMxspEfB0VbI1kyLiAv,Noah Kahan,2024-05-21
44,Pedro,48lxT5qJF0yYyf2z4wB4xW,Jaxomy; Agatino Romero; Raffaella Carrà,2024-05-21
45,Sweater Weather,2QjOHCTQ1Jl3zawyYOpxh6,The Neighbourhood,2024-05-21
46,My Love Mine All Mine,3vkCueOmm7xQDoJ17W1Pm3,Mitski,2024-05-21
47,Slow It Down,51eSHglvG1RJXtL3qI5trr,Benson Boone,2024-05-21
48,Stargazing,3Vr3zh0r7ALn8VLqCiRR10,Myles Smith,2024-05-21
49,The Night We Met,3hRV0jL3vUpRrcy398teAU,Lord Huron,2024-05-21
50,Europapa,0uHrMbMv3c78398pIANDqR,Joost,2024-05-21
1,MILLION DOLLAR BABY,7fzHQizxTqy8wTXwlrgPQQ,Tommy Richman,2024-05-22
2,Espresso,2qSkIjg1o9h3YT9RAgYN75,Sabrina Carpenter,2024-05-22
3,Not Like Us,6AI3ezQ4o3HUoP6Dhudph3,Kendrick Lamar,2024-05-22
4,LUNCH,629DixmZGHc7ILtEntuiWE,Billie Eilish,2024-05-22
5,CHIHIRO,7BRD7x5pt8Lqa1eGYC4dzj,Billie Eilish,2024-05-22
6,I Had Some Help (Feat. Morgan Wallen),7221xIgOnuakPdLqT0F3nP,Post Malone; Morgan Wallen,2024-05-22
7,Gata Only,6XjDF6nds4DE2BBbagZol6,FloyyMenor; Cris Mj,2024-05-22
8,BIRDS OF A FEATHER,6dOtVTDdiauQNBQEDOtlAB,Billie Eilish,2024-05-22
9,i like the way you kiss me,2GxrNKugF82CnoRFbQfzPf,Artemas,2024-05-22
10,Too Sweet,5Z0UnEtpLDQyYlWwgi8m9C,Hozier,2024-05-22
11,A Bar Song (Tipsy),2FQrifJ1N335Ljm3TjTVVf,Shaboozey,2024-05-22
12,Beautiful Things,3xkHsmpQCBMytMJNiDf3Ii,Benson Boone,2024-05-22
13,Fortnight (feat. Post Malone),2OzhQlSqBEmt7hmkYxfT6m,Taylor Swift; Post Malone,2024-05-22
14,we can't be friends (wait for your love),51ZQ1vr10ffzbwIjDCwqm4,Ariana Grande,2024-05-22
15,WILDFLOWER,3QaPy1KgI7nu9FJEQUgn6h,Billie Eilish,2024-05-22
16,BLUE,2prqm9sPLj10B4Wg0wE5x9,Billie Eilish,2024-05-22
17,End of Beginning,3qhlB30KknSejmIvZZLjOD,Djo,2024-05-22
18,SKINNY,1CsMKhwEmNnmvHUuO5nryA,Billie Eilish,2024-05-22
19,L’AMOUR DE MA VIE,6fPan2saHdFaIHuTSatORv,Billie Eilish,2024-05-22
20,THE GREATEST,6TGd66r0nlPaYm3KIoI7ET,Billie Eilish,2024-05-22
21,Lose Control,17phhZDn6oGtzMe56NuWvj,Teddy Swims,2024-05-22
22,Santa,6a9Z1jUms915w4O7N1PxjY,Rvssian; Rauw Alejandro; Ayra Starr,2024-05-22
23,I Can Do It With a Broken Heart,4q5YezDOIPcoLr8R81x9qy,Taylor Swift,2024-05-22
24,THE DINER,1LLUoftvmTjVNBHZoQyveF,Billie Eilish,2024-05-22
25,"One Of The Girls (with JENNIE, Lily Rose Depp)",7CyPwkp0oE8Ro9Dd5CUDjW,The Weeknd; JENNIE; Lily-Rose Depp,2024-05-22
26,Like That,2tudvzsrR56uom6smgOcSf,Future; Metro Boomin; Kendrick Lamar,2024-05-22
27,BITTERSUITE,7DpUoxGSdlDHfqCYj0otzU,Billie Eilish,2024-05-22
28,Saturn,1bjeWoagtHmUKputLVyDxQ,SZA,2024-05-22
29,Cruel Summer,1BxfuPKGuaTgP7aM0Bbdwr,Taylor Swift,2024-05-22
30,euphoria,77DRzu7ERs0TX3roZcre7Q,Kendrick Lamar,2024-05-22
31,As It Was,4Dvkj6JhhA12EX05fT7y2e,Harry Styles,2024-05-22
32,Belong Together,5uQ7de4EWjb3rkcFxyEOpu,Mark Ambor,2024-05-22
33,Austin,2uqYupMHANxnwgeiXTZXzd,Dasha,2024-05-22
34,Madonna,5LhI8m7n8xlQmNe3b7Rwis,Natanael Cano; Oscar Maydon,2024-05-22
35,"Good Luck, Babe!",0WbMK4wrZ1wFSty9F7FCgu,Chappell Roan,2024-05-22
36,greedy,3rUGC1vUpkDG9CZFHMur1t,Tate McRae,2024-05-22
37,Down Bad,2F3N9tdombb64aW6VtZOdo,Taylor Swift,2024-05-22
38,I Wanna Be Yours,5XeFesFbtLpXzIVDNQP22n,Arctic Monkeys,2024-05-22
39,FE!N (feat. Playboi Carti),42VsgItocQwOQC3XWZ8JNA,Travis Scott; Playboi Carti,2024-05-22
40,Magnetic,1aKvZDoLGkNMxoRYgkckZG,ILLIT,2024-05-22
41,LUNA,7bywjHOc0wSjGGbj04XbVi,Feid; ATL Jacob,2024-05-22
42,Stick Season,0mflMxspEfB0VbI1kyLiAv,Noah Kahan,2024-05-22
43,Sweater Weather,2QjOHCTQ1Jl3zawyYOpxh6,The Neighbourhood,2024-05-22
44,Stargazing,3Vr3zh0r7ALn8VLqCiRR10,Myles Smith,2024-05-22
45,Slow It Down,51eSHglvG1RJXtL3qI5trr,Benson Boone,2024-05-22
46,My Love Mine All Mine,3vkCueOmm7xQDoJ17W1Pm3,Mitski,2024-05-22
47,Si No Quieres No,1C84d9abZVKWHT2YYpoean,Luis R Conriquez; Neton Vega,2024-05-22
48,Guilty as Sin?,0W0iAC1VGlB82PI6elxFYf,Taylor Swift,2024-05-22
49,The Night We Met,3hRV0jL3vUpRrcy398teAU,Lord Huron,2024-05-22
50,Pedro,48lxT5qJF0yYyf2z4wB4xW,Jaxomy; Agatino Romero; Raffaella Carrà,2024-05-22
1,MILLION DOLLAR BABY,7fzHQizxTqy8wTXwlrgPQQ,Tommy Richman,2024-05-23
2,Espresso,2qSkIjg1o9h3YT9RAgYN75,Sabrina Carpenter,2024-05-23
3,Not Like Us,6AI3ezQ4o3HUoP6Dhudph3,Kendrick Lamar,2024-05-23
4,LUNCH,629DixmZGHc7ILtEntuiWE,Billie Eilish,2024-05-23
5,CHIHIRO,7BRD7x5pt8Lqa1eGYC4dzj,Billie Eilish,2024-05-23
6,I Had Some Help (Feat. Morgan Wallen),7221xIgOnuakPdLqT0F3nP,Post Malone; Morgan Wallen,2024-05-23
7,Gata Only,6XjDF6nds4DE2BBbagZol6,FloyyMenor; Cris Mj,2024-05-23
8,BIRDS OF A FEATHER,6dOtVTDdiauQNBQEDOtlAB,Billie Eilish,2024-05-23
9,Too Sweet,5Z0UnEtpLDQyYlWwgi8m9C,Hozier,2024-05-23
10,i like the way you kiss me,2GxrNKugF82CnoRFbQfzPf,Artemas,2024-05-23
11,A Bar Song (Tipsy),2FQrifJ1N335Ljm3TjTVVf,Shaboozey,2024-05-23
12,Beautiful Things,3xkHsmpQCBMytMJNiDf3Ii,Benson Boone,2024-05-23
13,Fortnight (feat. Post Malone),2OzhQlSqBEmt7hmkYxfT6m,Taylor Swift; Post Malone,2024-05-23
14,we can't be friends (wait for your love),51ZQ1vr10ffzbwIjDCwqm4,Ariana Grande,2024-05-23
15,End of Beginning,3qhlB30KknSejmIvZZLjOD,Djo,2024-05-23
16,BLUE,2prqm9sPLj10B4Wg0wE5x9,Billie Eilish,2024-05-23
17,WILDFLOWER,3QaPy1KgI7nu9FJEQUgn6h,Billie Eilish,2024-05-23
18,SKINNY,1CsMKhwEmNnmvHUuO5nryA,Billie Eilish,2024-05-23
19,L’AMOUR DE MA VIE,6fPan2saHdFaIHuTSatORv,Billie Eilish,2024-05-23
20,THE GREATEST,6TGd66r0nlPaYm3KIoI7ET,Billie Eilish,2024-05-23
21,Lose Control,17phhZDn6oGtzMe56NuWvj,Teddy Swims,2024-05-23
22,Santa,6a9Z1jUms915w4O7N1PxjY,Rvssian; Rauw Alejandro; Ayra Starr,2024-05-23
23,I Can Do It With a Broken Heart,4q5YezDOIPcoLr8R81x9qy,Taylor Swift,2024-05-23
24,"One Of The Girls (with JENNIE, Lily Rose Depp)",7CyPwkp0oE8Ro9Dd5CUDjW,The Weeknd; JENNIE; Lily-Rose Depp,2024-05-23
25,Like That,2tudvzsrR56uom6smgOcSf,Future; Metro Boomin; Kendrick Lamar,2024-05-23
26,Saturn,1bjeWoagtHmUKputLVyDxQ,SZA,2024-05-23
27,THE DINER,1LLUoftvmTjVNBHZoQyveF,Billie Eilish,2024-05-23
28,euphoria,77DRzu7ERs0TX3roZcre7Q,Kendrick Lamar,2024-05-23
29,Cruel Summer,1BxfuPKGuaTgP7aM0Bbdwr,Taylor Swift,2024-05-23
30,BITTERSUITE,7DpUoxGSdlDHfqCYj0otzU,Billie Eilish,2024-05-23
31,As It Was,4Dvkj6JhhA12EX05fT7y2e,Harry Styles,2024-05-23
32,Belong Together,5uQ7de4EWjb3rkcFxyEOpu,Mark Ambor,2024-05-23
33,Austin,2uqYupMHANxnwgeiXTZXzd,Dasha,2024-05-23
34,Madonna,5LhI8m7n8xlQmNe3b7Rwis,Natanael Cano; Oscar Maydon,2024-05-23
35,greedy,3rUGC1vUpkDG9CZFHMur1t,Tate McRae,2024-05-23
36,"Good Luck, Babe!",0WbMK4wrZ1wFSty9F7FCgu,Chappell Roan,2024-05-23
37,Down Bad,2F3N9tdombb64aW6VtZOdo,Taylor Swift,2024-05-23
38,FE!N (feat. Playboi Carti),42VsgItocQwOQC3XWZ8JNA,Travis Scott; Playboi Carti,2024-05-23
39,LUNA,7bywjHOc0wSjGGbj04XbVi,Feid; ATL Jacob,2024-05-23
40,I Wanna Be Yours,5XeFesFbtLpXzIVDNQP22n,Arctic Monkeys,2024-05-23
41,Stargazing,3Vr3zh0r7ALn8VLqCiRR10,Myles Smith,2024-05-23
42,Magnetic,1aKvZDoLGkNMxoRYgkckZG,ILLIT,2024-05-23
43,Slow It Down,51eSHglvG1RJXtL3qI5trr,Benson Boone,2024-05-23
44,Stick Season,0mflMxspEfB0VbI1kyLiAv,Noah Kahan,2024-05-23
45,My Love Mine All Mine,3vkCueOmm7xQDoJ17W1Pm3,Mitski,2024-05-23
46,Sweater Weather,2QjOHCTQ1Jl3zawyYOpxh6,The Neighbourhood,2024-05-23
47,Guilty as Sin?,0W0iAC1VGlB82PI6elxFYf,Taylor Swift,2024-05-23
48,The Night We Met,3hRV0jL3vUpRrcy398teAU,Lord Huron,2024-05-23
49,Si No Quieres No,1C84d9abZVKWHT2YYpoean,Luis R Conriquez; Neton Vega,2024-05-23
50,Who’s Afraid of Little Old Me?,36t6frENUtCYKuZus6aYDO,Taylor Swift,2024-05-23
1,LUNCH,629DixmZGHc7ILtEntuiWE,Billie Eilish,2024-05-24
2,MILLION DOLLAR BABY,7fzHQizxTqy8wTXwlrgPQQ,Tommy Richman,2024-05-24
3,Espresso,2qSkIjg1o9h3YT9RAgYN75,Sabrina Carpenter,2024-05-24
4,Not Like Us,6AI3ezQ4o3HUoP6Dhudph3,Kendrick Lamar,2024-05-24
5,CHIHIRO,7BRD7x5pt8Lqa1eGYC4dzj,Billie Eilish,2024-05-24
6,BIRDS OF A FEATHER,6dOtVTDdiauQNBQEDOtlAB,Billie Eilish,2024-05-24
7,I Had Some Help (Feat. Morgan Wallen),7221xIgOnuakPdLqT0F3nP,Post Malone; Morgan Wallen,2024-05-24
8,Gata Only,6XjDF6nds4DE2BBbagZol6,FloyyMenor; Cris Mj,2024-05-24
9,Too Sweet,5Z0UnEtpLDQyYlWwgi8m9C,Hozier,2024-05-24
10,A Bar Song (Tipsy),2FQrifJ1N335Ljm3TjTVVf,Shaboozey,2024-05-24
11,i like the way you kiss me,2GxrNKugF82CnoRFbQfzPf,Artemas,2024-05-24
12,Beautiful Things,3xkHsmpQCBMytMJNiDf3Ii,Benson Boone,2024-05-24
13,Fortnight (feat. Post Malone),2OzhQlSqBEmt7hmkYxfT6m,Taylor Swift; Post Malone,2024-05-24
14,we can't be friends (wait for your love),51ZQ1vr10ffzbwIjDCwqm4,Ariana Grande,2024-05-24
15,Santa,6a9Z1jUms915w4O7N1PxjY,Rvssian; Rauw Alejandro; Ayra Starr,2024-05-24
16,End of Beginning,3qhlB30KknSejmIvZZLjOD,Djo,2024-05-24
17,WILDFLOWER,3QaPy1KgI7nu9FJEQUgn6h,Billie Eilish,2024-05-24
18,BLUE,2prqm9sPLj10B4Wg0wE5x9,Billie Eilish,2024-05-24
19,SKINNY,1CsMKhwEmNnmvHUuO5nryA,Billie Eilish,2024-05-24
20,Lose Control,17phhZDn6oGtzMe56NuWvj,Teddy Swims,2024-05-24
21,L’AMOUR DE MA VIE,6fPan2saHdFaIHuTSatORv,Billie Eilish,2024-05-24
22,THE GREATEST,6TGd66r0nlPaYm3KIoI7ET,Billie Eilish,2024-05-24
23,"One Of The Girls (with JENNIE, Lily Rose Depp)",7CyPwkp0oE8Ro9Dd5CUDjW,The Weeknd; JENNIE; Lily-Rose Depp,2024-05-24
24,I Can Do It With a Broken Heart,4q5YezDOIPcoLr8R81x9qy,Taylor Swift,2024-05-24
25,Like That,2tudvzsrR56uom6smgOcSf,Future; Metro Boomin; Kendrick Lamar,2024-05-24
26,Saturn,1bjeWoagtHmUKputLVyDxQ,SZA,2024-05-24
27,Cruel Summer,1BxfuPKGuaTgP7aM0Bbdwr,Taylor Swift,2024-05-24
28,THE DINER,1LLUoftvmTjVNBHZoQyveF,Billie Eilish,2024-05-24
29,Stargazing,3Vr3zh0r7ALn8VLqCiRR10,Myles Smith,2024-05-24
30,euphoria,77DRzu7ERs0TX3roZcre7Q,Kendrick Lamar,2024-05-24
31,Belong Together,5uQ7de4EWjb3rkcFxyEOpu,Mark Ambor,2024-05-24
32,BITTERSUITE,7DpUoxGSdlDHfqCYj0otzU,Billie Eilish,2024-05-24
33,Austin,2uqYupMHANxnwgeiXTZXzd,Dasha,2024-05-24
34,As It Was,4Dvkj6JhhA12EX05fT7y2e,Harry Styles,2024-05-24
35,LUNA,7bywjHOc0wSjGGbj04XbVi,Feid; ATL Jacob,2024-05-24
36,greedy,3rUGC1vUpkDG9CZFHMur1t,Tate McRae,2024-05-24
37,Slow It Down,51eSHglvG1RJXtL3qI5trr,Benson Boone,2024-05-24
38,Madonna,5LhI8m7n8xlQmNe3b7Rwis,Natanael Cano; Oscar Maydon,2024-05-24
39,"Good Luck, Babe!",0WbMK4wrZ1wFSty9F7FCgu,Chappell Roan,2024-05-24
40,FE!N (feat. Playboi Carti),42VsgItocQwOQC3XWZ8JNA,Travis Scott; Playboi Carti,2024-05-24
41,Down Bad,2F3N9tdombb64aW6VtZOdo,Taylor Swift,2024-05-24
42,Stick Season,0mflMxspEfB0VbI1kyLiAv,Noah Kahan,2024-05-24
43,I Wanna Be Yours,5XeFesFbtLpXzIVDNQP22n,Arctic Monkeys,2024-05-24
44,Magnetic,1aKvZDoLGkNMxoRYgkckZG,ILLIT,2024-05-24
45,My Love Mine All Mine,3vkCueOmm7xQDoJ17W1Pm3,Mitski,2024-05-24
46,love hotel,6IwmDRpswDujeciIBTiEOL,leftovermax,2024-05-24
47,Si No Quieres No,1C84d9abZVKWHT2YYpoean,Luis R Conriquez; Neton Vega,2024-05-24
48,Sweater Weather,2QjOHCTQ1Jl3zawyYOpxh6,The Neighbourhood,2024-05-24
49,Supernova,351KkakA2YtGEXqSEIIasy,aespa,2024-05-24
50,The Night We Met,3hRV0jL3vUpRrcy398teAU,Lord Huron,2024-05-24
1,LUNCH,629DixmZGHc7ILtEntuiWE,Billie Eilish,2024-05-25
2,MILLION DOLLAR BABY,7fzHQizxTqy8wTXwlrgPQQ,Tommy Richman,2024-05-25
3,Espresso,2qSkIjg1o9h3YT9RAgYN75,Sabrina Carpenter,2024-05-25
4,Not Like Us,6AI3ezQ4o3HUoP6Dhudph3,Kendrick Lamar,2024-05-25
5,CHIHIRO,7BRD7x5pt8Lqa1eGYC4dzj,Billie Eilish,2024-05-25
6,BIRDS OF A FEATHER,6dOtVTDdiauQNBQEDOtlAB,Billie Eilish,2024-05-25
7,I Had Some Help (Feat. Morgan Wallen),7221xIgOnuakPdLqT0F3nP,Post Malone; Morgan Wallen,2024-05-25
8,Gata Only,6XjDF6nds4DE2BBbagZol6,FloyyMenor; Cris Mj,2024-05-25
9,Too Sweet,5Z0UnEtpLDQyYlWwgi8m9C,Hozier,2024-05-25
10,Beautiful Things,3xkHsmpQCBMytMJNiDf3Ii,Benson Boone,2024-05-25
11,A Bar Song (Tipsy),2FQrifJ1N335Ljm3TjTVVf,Shaboozey,2024-05-25
12,i like the way you kiss me,2GxrNKugF82CnoRFbQfzPf,Artemas,2024-05-25
13,Fortnight (feat. Post Malone),2OzhQlSqBEmt7hmkYxfT6m,Taylor Swift; Post Malone,2024-05-25
14,we can't be friends (wait for your love),51ZQ1vr10ffzbwIjDCwqm4,Ariana Grande,2024-05-25
15,End of Beginning,3qhlB30KknSejmIvZZLjOD,Djo,2024-05-25
16,WILDFLOWER,3QaPy1KgI7nu9FJEQUgn6h,Billie Eilish,2024-05-25
17,Lose Control,17phhZDn6oGtzMe56NuWvj,Teddy Swims,2024-05-25
18,BLUE,2prqm9sPLj10B4Wg0wE5x9,Billie Eilish,2024-05-25
19,Santa,6a9Z1jUms915w4O7N1PxjY,Rvssian; Rauw Alejandro; Ayra Starr,2024-05-25
20,L’AMOUR DE MA VIE,6fPan2saHdFaIHuTSatORv,Billie Eilish,2024-05-25
21,SKINNY,1CsMKhwEmNnmvHUuO5nryA,Billie Eilish,2024-05-25
22,"One Of The Girls (with JENNIE, Lily Rose Depp)",7CyPwkp0oE8Ro9Dd5CUDjW,The Weeknd; JENNIE; Lily-Rose Depp,2024-05-25
23,THE GREATEST,6TGd66r0nlPaYm3KIoI7ET,Billie Eilish,2024-05-25
24,I Can Do It With a Broken Heart,4q5YezDOIPcoLr8R81x9qy,Taylor Swift,2024-05-25
25,Like That,2tudvzsrR56uom6smgOcSf,Future; Metro Boomin; Kendrick Lamar,2024-05-25
26,Cruel Summer,1BxfuPKGuaTgP7aM0Bbdwr,Taylor Swift,2024-05-25
27,Saturn,1bjeWoagtHmUKputLVyDxQ,SZA,2024-05-25
28,Stargazing,3Vr3zh0r7ALn8VLqCiRR10,Myles Smith,2024-05-25
29,THE DINER,1LLUoftvmTjVNBHZoQyveF,Billie Eilish,2024-05-25
30,Belong Together,5uQ7de4EWjb3rkcFxyEOpu,Mark Ambor,2024-05-25
31,euphoria,77DRzu7ERs0TX3roZcre7Q,Kendrick Lamar,2024-05-25
32,Austin,2uqYupMHANxnwgeiXTZXzd,Dasha,2024-05-25
33,LUNA,7bywjHOc0wSjGGbj04XbVi,Feid; ATL Jacob,2024-05-25
34,As It Was,4Dvkj6JhhA12EX05fT7y2e,Harry Styles,2024-05-25
35,BITTERSUITE,7DpUoxGSdlDHfqCYj0otzU,Billie Eilish,2024-05-25
36,greedy,3rUGC1vUpkDG9CZFHMur1t,Tate McRae,2024-05-25
37,Slow It Down,51eSHglvG1RJXtL3qI5trr,Benson Boone,2024-05-25
38,"Good Luck, Babe!",0WbMK4wrZ1wFSty9F7FCgu,Chappell Roan,2024-05-25
39,FE!N (feat. Playboi Carti),42VsgItocQwOQC3XWZ8JNA,Travis Scott; Playboi Carti,2024-05-25
40,Madonna,5LhI8m7n8xlQmNe3b7Rwis,Natanael Cano; Oscar Maydon,2024-05-25
41,Stick Season,0mflMxspEfB0VbI1kyLiAv,Noah Kahan,2024-05-25
42,I Wanna Be Yours,5XeFesFbtLpXzIVDNQP22n,Arctic Monkeys,2024-05-25
43,Sweater Weather,2QjOHCTQ1Jl3zawyYOpxh6,The Neighbourhood,2024-05-25
44,Down Bad,2F3N9tdombb64aW6VtZOdo,Taylor Swift,2024-05-25
45,The Night We Met,3hRV0jL3vUpRrcy398teAU,Lord Huron,2024-05-25
46,My Love Mine All Mine,3vkCueOmm7xQDoJ17W1Pm3,Mitski,2024-05-25
47,Magnetic,1aKvZDoLGkNMxoRYgkckZG,ILLIT,2024-05-25
48,Si No Quieres No,1C84d9abZVKWHT2YYpoean,Luis R Conriquez; Neton Vega,2024-05-25
49,Pedro,48lxT5qJF0yYyf2z4wB4xW,Jaxomy; Agatino Romero; Raffaella Carrà,2024-05-25
50,Guilty as Sin?,0W0iAC1VGlB82PI6elxFYf,Taylor Swift,2024-05-25
1,LUNCH,629DixmZGHc7ILtEntuiWE,Billie Eilish,2024-05-26
2,Espresso,2qSkIjg1o9h3YT9RAgYN75,Sabrina Carpenter,2024-05-26
3,MILLION DOLLAR BABY,7fzHQizxTqy8wTXwlrgPQQ,Tommy Richman,2024-05-26
4,Not Like Us,6AI3ezQ4o3HUoP6Dhudph3,Kendrick Lamar,2024-05-26
5,BIRDS OF A FEATHER,6dOtVTDdiauQNBQEDOtlAB,Billie Eilish,2024-05-26
6,CHIHIRO,7BRD7x5pt8Lqa1eGYC4dzj,Billie Eilish,2024-05-26
7,I Had Some Help (Feat. Morgan Wallen),7221xIgOnuakPdLqT0F3nP,Post Malone; Morgan Wallen,2024-05-26
8,Gata Only,6XjDF6nds4DE2BBbagZol6,FloyyMenor; Cris Mj,2024-05-26
9,A Bar Song (Tipsy),2FQrifJ1N335Ljm3TjTVVf,Shaboozey,2024-05-26
10,Too Sweet,5Z0UnEtpLDQyYlWwgi8m9C,Hozier,2024-05-26
11,Beautiful Things,3xkHsmpQCBMytMJNiDf3Ii,Benson Boone,2024-05-26
12,i like the way you kiss me,2GxrNKugF82CnoRFbQfzPf,Artemas,2024-05-26
13,Fortnight (feat. Post Malone),2OzhQlSqBEmt7hmkYxfT6m,Taylor Swift; Post Malone,2024-05-26
14,we can't be friends (wait for your love),51ZQ1vr10ffzbwIjDCwqm4,Ariana Grande,2024-05-26
15,End of Beginning,3qhlB30KknSejmIvZZLjOD,Djo,2024-05-26
16,Lose Control,17phhZDn6oGtzMe56NuWvj,Teddy Swims,2024-05-26
17,WILDFLOWER,3QaPy1KgI7nu9FJEQUgn6h,Billie Eilish,2024-05-26
18,Pink Skies,4ZJ4vzLQekI0WntDbanNC7,Zach Bryan,2024-05-26
19,BLUE,2prqm9sPLj10B4Wg0wE5x9,Billie Eilish,2024-05-26
20,"One Of The Girls (with JENNIE, Lily Rose Depp)",7CyPwkp0oE8Ro9Dd5CUDjW,The Weeknd; JENNIE; Lily-Rose Depp,2024-05-26
21,L’AMOUR DE MA VIE,6fPan2saHdFaIHuTSatORv,Billie Eilish,2024-05-26
22,SKINNY,1CsMKhwEmNnmvHUuO5nryA,Billie Eilish,2024-05-26
23,I Can Do It With a Broken Heart,4q5YezDOIPcoLr8R81x9qy,Taylor Swift,2024-05-26
24,Like That,2tudvzsrR56uom6smgOcSf,Future; Metro Boomin; Kendrick Lamar,2024-05-26
25,Cruel Summer,1BxfuPKGuaTgP7aM0Bbdwr,Taylor Swift,2024-05-26
26,THE GREATEST,6TGd66r0nlPaYm3KIoI7ET,Billie Eilish,2024-05-26
27,Stargazing,3Vr3zh0r7ALn8VLqCiRR10,Myles Smith,2024-05-26
28,LOST!,02H58MSfVESkKyx4diDgu7,RM,2024-05-26
29,Austin,2uqYupMHANxnwgeiXTZXzd,Dasha,2024-05-26
30,BAND4BAND (feat. Lil Baby),7iabz12vAuVQYyekFIWJxD,Central Cee; Lil Baby,2024-05-26
31,Santa,6a9Z1jUms915w4O7N1PxjY,Rvssian; Rauw Alejandro; Ayra Starr,2024-05-26
32,Belong Together,5uQ7de4EWjb3rkcFxyEOpu,Mark Ambor,2024-05-26
33,As It Was,4Dvkj6JhhA12EX05fT7y2e,Harry Styles,2024-05-26
34,LUNA,7bywjHOc0wSjGGbj04XbVi,Feid; ATL Jacob,2024-05-26
35,euphoria,77DRzu7ERs0TX3roZcre7Q,Kendrick Lamar,2024-05-26
36,Saturn,1bjeWoagtHmUKputLVyDxQ,SZA,2024-05-26
37,FE!N (feat. Playboi Carti),42VsgItocQwOQC3XWZ8JNA,Travis Scott; Playboi Carti,2024-05-26
38,THE DINER,1LLUoftvmTjVNBHZoQyveF,Billie Eilish,2024-05-26
39,Slow It Down,51eSHglvG1RJXtL3qI5trr,Benson Boone,2024-05-26
40,Madonna,5LhI8m7n8xlQmNe3b7Rwis,Natanael Cano; Oscar Maydon,2024-05-26
41,"Good Luck, Babe!",0WbMK4wrZ1wFSty9F7FCgu,Chappell Roan,2024-05-26
42,Stick Season,0mflMxspEfB0VbI1kyLiAv,Noah Kahan,2024-05-26
43,greedy,3rUGC1vUpkDG9CZFHMur1t,Tate McRae,2024-05-26
44,BITTERSUITE,7DpUoxGSdlDHfqCYj0otzU,Billie Eilish,2024-05-26
45,Sweater Weather,2QjOHCTQ1Jl3zawyYOpxh6,The Neighbourhood,2024-05-26
46,MTG QUEM NÃO QUER SOU EU,6RjSXi9cPGroetXeNsWFGL,DJ TOPO; Seu Jorge; Mc Leozin,2024-05-26
47,I Wanna Be Yours,5XeFesFbtLpXzIVDNQP22n,Arctic Monkeys,2024-05-26
48,The Night We Met,3hRV0jL3vUpRrcy398teAU,Lord Huron,2024-05-26
49,Pedro,48lxT5qJF0yYyf2z4wB4xW,Jaxomy; Agatino Romero; Raffaella Carrà,2024-05-26
50,Down Bad,2F3N9tdombb64aW6VtZOdo,Taylor Swift,2024-05-26
1,LUNCH,629DixmZGHc7ILtEntuiWE,Billie Eilish,2024-05-27
2,Espresso,2qSkIjg1o9h3YT9RAgYN75,Sabrina Carpenter,2024-05-27
3,MILLION DOLLAR BABY,7fzHQizxTqy8wTXwlrgPQQ,Tommy Richman,2024-05-27
4,Not Like Us,6AI3ezQ4o3HUoP6Dhudph3,Kendrick Lamar,2024-05-27
5,Gata Only,6XjDF6nds4DE2BBbagZol6,FloyyMenor; Cris Mj,2024-05-27
6,I Had Some Help (Feat. Morgan Wallen),7221xIgOnuakPdLqT0F3nP,Post Malone; Morgan Wallen,2024-05-27
7,CHIHIRO,7BRD7x5pt8Lqa1eGYC4dzj,Billie Eilish,2024-05-27
8,BIRDS OF A FEATHER,6dOtVTDdiauQNBQEDOtlAB,Billie Eilish,2024-05-27
9,A Bar Song (Tipsy),2FQrifJ1N335Ljm3TjTVVf,Shaboozey,2024-05-27
10,Beautiful Things,3xkHsmpQCBMytMJNiDf3Ii,Benson Boone,2024-05-27
11,Too Sweet,5Z0UnEtpLDQyYlWwgi8m9C,Hozier,2024-05-27
12,i like the way you kiss me,2GxrNKugF82CnoRFbQfzPf,Artemas,2024-05-27
13,Fortnight (feat. Post Malone),2OzhQlSqBEmt7hmkYxfT6m,Taylor Swift; Post Malone,2024-05-27
14,we can't be friends (wait for your love),51ZQ1vr10ffzbwIjDCwqm4,Ariana Grande,2024-05-27
15,End of Beginning,3qhlB30KknSejmIvZZLjOD,Djo,2024-05-27
16,Lose Control,17phhZDn6oGtzMe56NuWvj,Teddy Swims,2024-05-27
17,"One Of The Girls (with JENNIE, Lily Rose Depp)",7CyPwkp0oE8Ro9Dd5CUDjW,The Weeknd; JENNIE; Lily-Rose Depp,2024-05-27
18,WILDFLOWER,3QaPy1KgI7nu9FJEQUgn6h,Billie Eilish,2024-05-27
19,BLUE,2prqm9sPLj10B4Wg0wE5x9,Billie Eilish,2024-05-27
20,I Can Do It With a Broken Heart,4q5YezDOIPcoLr8R81x9qy,Taylor Swift,2024-05-27
21,Cruel Summer,1BxfuPKGuaTgP7aM0Bbdwr,Taylor Swift,2024-05-27
22,Like That,2tudvzsrR56uom6smgOcSf,Future; Metro Boomin; Kendrick Lamar,2024-05-27
23,Austin,2uqYupMHANxnwgeiXTZXzd,Dasha,2024-05-27
24,As It Was,4Dvkj6JhhA12EX05fT7y2e,Harry Styles,2024-05-27
25,Madonna,5LhI8m7n8xlQmNe3b7Rwis,Natanael Cano; Oscar Maydon,2024-05-27
26,L’AMOUR DE MA VIE,6fPan2saHdFaIHuTSatORv,Billie Eilish,2024-05-27
27,Stargazing,3Vr3zh0r7ALn8VLqCiRR10,Myles Smith,2024-05-27
28,Santa,6a9Z1jUms915w4O7N1PxjY,Rvssian; Rauw Alejandro; Ayra Starr,2024-05-27
29,Saturn,1bjeWoagtHmUKputLVyDxQ,SZA,2024-05-27
30,Belong Together,5uQ7de4EWjb3rkcFxyEOpu,Mark Ambor,2024-05-27
31,SKINNY,1CsMKhwEmNnmvHUuO5nryA,Billie Eilish,2024-05-27
32,LUNA,7bywjHOc0wSjGGbj04XbVi,Feid; ATL Jacob,2024-05-27
33,THE GREATEST,6TGd66r0nlPaYm3KIoI7ET,Billie Eilish,2024-05-27
34,Stick Season,0mflMxspEfB0VbI1kyLiAv,Noah Kahan,2024-05-27
35,Pedro,48lxT5qJF0yYyf2z4wB4xW,Jaxomy; Agatino Romero; Raffaella Carrà,2024-05-27
36,BAND4BAND (feat. Lil Baby),7iabz12vAuVQYyekFIWJxD,Central Cee; Lil Baby,2024-05-27
37,Si No Quieres No,1C84d9abZVKWHT2YYpoean,Luis R Conriquez; Neton Vega,2024-05-27
38,Pink Skies,4ZJ4vzLQekI0WntDbanNC7,Zach Bryan,2024-05-27
39,FE!N (feat. Playboi Carti),42VsgItocQwOQC3XWZ8JNA,Travis Scott; Playboi Carti,2024-05-27
40,Slow It Down,51eSHglvG1RJXtL3qI5trr,Benson Boone,2024-05-27
41,greedy,3rUGC1vUpkDG9CZFHMur1t,Tate McRae,2024-05-27
42,euphoria,77DRzu7ERs0TX3roZcre7Q,Kendrick Lamar,2024-05-27
43,"Good Luck, Babe!",0WbMK4wrZ1wFSty9F7FCgu,Chappell Roan,2024-05-27
44,Magnetic,1aKvZDoLGkNMxoRYgkckZG,ILLIT,2024-05-27
45,MTG QUEM NÃO QUER SOU EU,6RjSXi9cPGroetXeNsWFGL,DJ TOPO; Seu Jorge; Mc Leozin,2024-05-27
46,Sweater Weather,2QjOHCTQ1Jl3zawyYOpxh6,The Neighbourhood,2024-05-27
47,I Wanna Be Yours,5XeFesFbtLpXzIVDNQP22n,Arctic Monkeys,2024-05-27
48,THE DINER,1LLUoftvmTjVNBHZoQyveF,Billie Eilish,2024-05-27
49,The Night We Met,3hRV0jL3vUpRrcy398teAU,Lord Huron,2024-05-27
50,TEXAS HOLD 'EM,7wLShogStyDeZvL0a6daN5,Beyoncé,2024-05-27
1,LUNCH,629DixmZGHc7ILtEntuiWE,Billie Eilish,2024-05-28
2,Espresso,2qSkIjg1o9h3YT9RAgYN75,Sabrina Carpenter,2024-05-28
3,MILLION DOLLAR BABY,7fzHQizxTqy8wTXwlrgPQQ,Tommy Richman,2024-05-28
4,Not Like Us,6AI3ezQ4o3HUoP6Dhudph3,Kendrick Lamar,2024-05-28
5,BIRDS OF A FEATHER,6dOtVTDdiauQNBQEDOtlAB,Billie Eilish,2024-05-28
6,Gata Only,6XjDF6nds4DE2BBbagZol6,FloyyMenor; Cris Mj,2024-05-28
7,I Had Some Help (Feat. Morgan Wallen),7221xIgOnuakPdLqT0F3nP,Post Malone; Morgan Wallen,2024-05-28
8,CHIHIRO,7BRD7x5pt8Lqa1eGYC4dzj,Billie Eilish,2024-05-28
9,Too Sweet,5Z0UnEtpLDQyYlWwgi8m9C,Hozier,2024-05-28
10,A Bar Song (Tipsy),2FQrifJ1N335Ljm3TjTVVf,Shaboozey,2024-05-28
11,Beautiful Things,3xkHsmpQCBMytMJNiDf3Ii,Benson Boone,2024-05-28
12,i like the way you kiss me,2GxrNKugF82CnoRFbQfzPf,Artemas,2024-05-28
13,Fortnight (feat. Post Malone),2OzhQlSqBEmt7hmkYxfT6m,Taylor Swift; Post Malone,2024-05-28
14,we can't be friends (wait for your love),51ZQ1vr10ffzbwIjDCwqm4,Ariana Grande,2024-05-28
15,End of Beginning,3qhlB30KknSejmIvZZLjOD,Djo,2024-05-28
16,Lose Control,17phhZDn6oGtzMe56NuWvj,Teddy Swims,2024-05-28
17,"One Of The Girls (with JENNIE, Lily Rose Depp)",7CyPwkp0oE8Ro9Dd5CUDjW,The Weeknd; JENNIE; Lily-Rose Depp,2024-05-28
18,WILDFLOWER,3QaPy1KgI7nu9FJEQUgn6h,Billie Eilish,2024-05-28
19,BLUE,2prqm9sPLj10B4Wg0wE5x9,Billie Eilish,2024-05-28
20,Cruel Summer,1BxfuPKGuaTgP7aM0Bbdwr,Taylor Swift,2024-05-28
21,I Can Do It With a Broken Heart,4q5YezDOIPcoLr8R81x9qy,Taylor Swift,2024-05-28
22,As It Was,4Dvkj6JhhA12EX05fT7y2e,Harry Styles,2024-05-28
23,Like That,2tudvzsrR56uom6smgOcSf,Future; Metro Boomin; Kendrick Lamar,2024-05-28
24,BAND4BAND (feat. Lil Baby),7iabz12vAuVQYyekFIWJxD,Central Cee; Lil Baby,2024-05-28
25,Madonna,5LhI8m7n8xlQmNe3b7Rwis,Natanael Cano; Oscar Maydon,2024-05-28
26,Stargazing,3Vr3zh0r7ALn8VLqCiRR10,Myles Smith,2024-05-28
27,L’AMOUR DE MA VIE,6fPan2saHdFaIHuTSatORv,Billie Eilish,2024-05-28
28,Austin,2uqYupMHANxnwgeiXTZXzd,Dasha,2024-05-28
29,Saturn,1bjeWoagtHmUKputLVyDxQ,SZA,2024-05-28
30,Pink Skies,4ZJ4vzLQekI0WntDbanNC7,Zach Bryan,2024-05-28
31,Sweater Weather,2QjOHCTQ1Jl3zawyYOpxh6,The Neighbourhood,2024-05-28
32,LUNA,7bywjHOc0wSjGGbj04XbVi,Feid; ATL Jacob,2024-05-28
33,Si No Quieres No,1C84d9abZVKWHT2YYpoean,Luis R Conriquez; Neton Vega,2024-05-28
34,SKINNY,1CsMKhwEmNnmvHUuO5nryA,Billie Eilish,2024-05-28
35,Belong Together,5uQ7de4EWjb3rkcFxyEOpu,Mark Ambor,2024-05-28
36,I Wanna Be Yours,5XeFesFbtLpXzIVDNQP22n,Arctic Monkeys,2024-05-28
37,THE GREATEST,6TGd66r0nlPaYm3KIoI7ET,Billie Eilish,2024-05-28
38,FE!N (feat. Playboi Carti),42VsgItocQwOQC3XWZ8JNA,Travis Scott; Playboi Carti,2024-05-28
39,Magnetic,1aKvZDoLGkNMxoRYgkckZG,ILLIT,2024-05-28
40,Stick Season,0mflMxspEfB0VbI1kyLiAv,Noah Kahan,2024-05-28
41,"Good Luck, Babe!",0WbMK4wrZ1wFSty9F7FCgu,Chappell Roan,2024-05-28
42,Santa,6a9Z1jUms915w4O7N1PxjY,Rvssian; Rauw Alejandro; Ayra Starr,2024-05-28
43,greedy,3rUGC1vUpkDG9CZFHMur1t,Tate McRae,2024-05-28
44,Slow It Down,51eSHglvG1RJXtL3qI5trr,Benson Boone,2024-05-28
45,The Night We Met,3hRV0jL3vUpRrcy398teAU,Lord Huron,2024-05-28
46,euphoria,77DRzu7ERs0TX3roZcre7Q,Kendrick Lamar,2024-05-28
47,My Love Mine All Mine,3vkCueOmm7xQDoJ17W1Pm3,Mitski,2024-05-28
48,THE DINER,1LLUoftvmTjVNBHZoQyveF,Billie Eilish,2024-05-28
49,Pedro,48lxT5qJF0yYyf2z4wB4xW,Jaxomy; Agatino Romero; Raffaella Carrà,2024-05-28
50,See You Again (feat. Kali Uchis),7KA4W4McWYRpgf0fWsJZWB,"Tyler, The Creator; Kali Uchis",2024-05-28
1,Espresso,2qSkIjg1o9h3YT9RAgYN75,Sabrina Carpenter,2024-05-29
2,LUNCH,629DixmZGHc7ILtEntuiWE,Billie Eilish,2024-05-29
3,MILLION DOLLAR BABY,7fzHQizxTqy8wTXwlrgPQQ,Tommy Richman,2024-05-29
4,Not Like Us,6AI3ezQ4o3HUoP6Dhudph3,Kendrick Lamar,2024-05-29
5,BIRDS OF A FEATHER,6dOtVTDdiauQNBQEDOtlAB,Billie Eilish,2024-05-29
6,Gata Only,6XjDF6nds4DE2BBbagZol6,FloyyMenor; Cris Mj,2024-05-29
7,CHIHIRO,7BRD7x5pt8Lqa1eGYC4dzj,Billie Eilish,2024-05-29
8,I Had Some Help (Feat. Morgan Wallen),7221xIgOnuakPdLqT0F3nP,Post Malone; Morgan Wallen,2024-05-29
9,Too Sweet,5Z0UnEtpLDQyYlWwgi8m9C,Hozier,2024-05-29
10,Beautiful Things,3xkHsmpQCBMytMJNiDf3Ii,Benson Boone,2024-05-29
11,A Bar Song (Tipsy),2FQrifJ1N335Ljm3TjTVVf,Shaboozey,2024-05-29
12,i like the way you kiss me,2GxrNKugF82CnoRFbQfzPf,Artemas,2024-05-29
13,Fortnight (feat. Post Malone),2OzhQlSqBEmt7hmkYxfT6m,Taylor Swift; Post Malone,2024-05-29
14,we can't be friends (wait for your love),51ZQ1vr10ffzbwIjDCwqm4,Ariana Grande,2024-05-29
15,End of Beginning,3qhlB30KknSejmIvZZLjOD,Djo,2024-05-29
16,Lose Control,17phhZDn6oGtzMe56NuWvj,Teddy Swims,2024-05-29
17,WILDFLOWER,3QaPy1KgI7nu9FJEQUgn6h,Billie Eilish,2024-05-29
18,"One Of The Girls (with JENNIE, Lily Rose Depp)",7CyPwkp0oE8Ro9Dd5CUDjW,The Weeknd; JENNIE; Lily-Rose Depp,2024-05-29
19,BAND4BAND (feat. Lil Baby),7iabz12vAuVQYyekFIWJxD,Central Cee; Lil Baby,2024-05-29
20,BLUE,2prqm9sPLj10B4Wg0wE5x9,Billie Eilish,2024-05-29
21,Cruel Summer,1BxfuPKGuaTgP7aM0Bbdwr,Taylor Swift,2024-05-29
22,Stargazing,3Vr3zh0r7ALn8VLqCiRR10,Myles Smith,2024-05-29
23,As It Was,4Dvkj6JhhA12EX05fT7y2e,Harry Styles,2024-05-29
24,I Can Do It With a Broken Heart,4q5YezDOIPcoLr8R81x9qy,Taylor Swift,2024-05-29
25,Like That,2tudvzsrR56uom6smgOcSf,Future; Metro Boomin; Kendrick Lamar,2024-05-29
26,L’AMOUR DE MA VIE,6fPan2saHdFaIHuTSatORv,Billie Eilish,2024-05-29
27,Austin,2uqYupMHANxnwgeiXTZXzd,Dasha,2024-05-29
28,Belong Together,5uQ7de4EWjb3rkcFxyEOpu,Mark Ambor,2024-05-29
29,Saturn,1bjeWoagtHmUKputLVyDxQ,SZA,2024-05-29
30,SKINNY,1CsMKhwEmNnmvHUuO5nryA,Billie Eilish,2024-05-29
31,THE GREATEST,6TGd66r0nlPaYm3KIoI7ET,Billie Eilish,2024-05-29
32,I Wanna Be Yours,5XeFesFbtLpXzIVDNQP22n,Arctic Monkeys,2024-05-29
33,Sweater Weather,2QjOHCTQ1Jl3zawyYOpxh6,The Neighbourhood,2024-05-29
34,Pink Skies,4ZJ4vzLQekI0WntDbanNC7,Zach Bryan,2024-05-29
35,LUNA,7bywjHOc0wSjGGbj04XbVi,Feid; ATL Jacob,2024-05-29
36,Slow It Down,51eSHglvG1RJXtL3qI5trr,Benson Boone,2024-05-29
37,greedy,3rUGC1vUpkDG9CZFHMur1t,Tate McRae,2024-05-29
38,The Night We Met,3hRV0jL3vUpRrcy398teAU,Lord Huron,2024-05-29
39,FE!N (feat. Playboi Carti),42VsgItocQwOQC3XWZ8JNA,Travis Scott; Playboi Carti,2024-05-29
40,"Good Luck, Babe!",0WbMK4wrZ1wFSty9F7FCgu,Chappell Roan,2024-05-29
41,Supernova,351KkakA2YtGEXqSEIIasy,aespa,2024-05-29
42,Magnetic,1aKvZDoLGkNMxoRYgkckZG,ILLIT,2024-05-29
43,Stick Season,0mflMxspEfB0VbI1kyLiAv,Noah Kahan,2024-05-29
44,Madonna,5LhI8m7n8xlQmNe3b7Rwis,Natanael Cano; Oscar Maydon,2024-05-29
45,Santa,6a9Z1jUms915w4O7N1PxjY,Rvssian; Rauw Alejandro; Ayra Starr,2024-05-29
46,My Love Mine All Mine,3vkCueOmm7xQDoJ17W1Pm3,Mitski,2024-05-29
47,euphoria,77DRzu7ERs0TX3roZcre7Q,Kendrick Lamar,2024-05-29
48,THE DINER,1LLUoftvmTjVNBHZoQyveF,Billie Eilish,2024-05-29
49,Si No Quieres No,1C84d9abZVKWHT2YYpoean,Luis R Conriquez; Neton Vega,2024-05-29
50,See You Again (feat. Kali Uchis),7KA4W4McWYRpgf0fWsJZWB,"Tyler, The Creator; Kali Uchis",2024-05-29
1,Espresso,2qSkIjg1o9h3YT9RAgYN75,Sabrina Carpenter,2024-05-30
2,MILLION DOLLAR BABY,7fzHQizxTqy8wTXwlrgPQQ,Tommy Richman,2024-05-30
3,LUNCH,629DixmZGHc7ILtEntuiWE,Billie Eilish,2024-05-30
4,Not Like Us,6AI3ezQ4o3HUoP6Dhudph3,Kendrick Lamar,2024-05-30
5,BIRDS OF A FEATHER,6dOtVTDdiauQNBQEDOtlAB,Billie Eilish,2024-05-30
6,Gata Only,6XjDF6nds4DE2BBbagZol6,FloyyMenor; Cris Mj,2024-05-30
7,I Had Some Help (Feat. Morgan Wallen),7221xIgOnuakPdLqT0F3nP,Post Malone; Morgan Wallen,2024-05-30
8,Too Sweet,5Z0UnEtpLDQyYlWwgi8m9C,Hozier,2024-05-30
9,CHIHIRO,7BRD7x5pt8Lqa1eGYC4dzj,Billie Eilish,2024-05-30
10,i like the way you kiss me,2GxrNKugF82CnoRFbQfzPf,Artemas,2024-05-30
11,A Bar Song (Tipsy),2FQrifJ1N335Ljm3TjTVVf,Shaboozey,2024-05-30
12,Beautiful Things,3xkHsmpQCBMytMJNiDf3Ii,Benson Boone,2024-05-30
13,Fortnight (feat. Post Malone),2OzhQlSqBEmt7hmkYxfT6m,Taylor Swift; Post Malone,2024-05-30
14,we can't be friends (wait for your love),51ZQ1vr10ffzbwIjDCwqm4,Ariana Grande,2024-05-30
15,End of Beginning,3qhlB30KknSejmIvZZLjOD,Djo,2024-05-30
16,BAND4BAND (feat. Lil Baby),7iabz12vAuVQYyekFIWJxD,Central Cee; Lil Baby,2024-05-30
17,Lose Control,17phhZDn6oGtzMe56NuWvj,Teddy Swims,2024-05-30
18,WILDFLOWER,3QaPy1KgI7nu9FJEQUgn6h,Billie Eilish,2024-05-30
19,"One Of The Girls (with JENNIE, Lily Rose Depp)",7CyPwkp0oE8Ro9Dd5CUDjW,The Weeknd; JENNIE; Lily-Rose Depp,2024-05-30
20,Stargazing,3Vr3zh0r7ALn8VLqCiRR10,Myles Smith,2024-05-30
21,BLUE,2prqm9sPLj10B4Wg0wE5x9,Billie Eilish,2024-05-30
22,Cruel Summer,1BxfuPKGuaTgP7aM0Bbdwr,Taylor Swift,2024-05-30
23,I Can Do It With a Broken Heart,4q5YezDOIPcoLr8R81x9qy,Taylor Swift,2024-05-30
24,Like That,2tudvzsrR56uom6smgOcSf,Future; Metro Boomin; Kendrick Lamar,2024-05-30
25,Belong Together,5uQ7de4EWjb3rkcFxyEOpu,Mark Ambor,2024-05-30
26,As It Was,4Dvkj6JhhA12EX05fT7y2e,Harry Styles,2024-05-30
27,Austin,2uqYupMHANxnwgeiXTZXzd,Dasha,2024-05-30
28,Pink Skies,4ZJ4vzLQekI0WntDbanNC7,Zach Bryan,2024-05-30
29,Saturn,1bjeWoagtHmUKputLVyDxQ,SZA,2024-05-30
30,L’AMOUR DE MA VIE,6fPan2saHdFaIHuTSatORv,Billie Eilish,2024-05-30
31,Slow It Down,51eSHglvG1RJXtL3qI5trr,Benson Boone,2024-05-30
32,"Good Luck, Babe!",0WbMK4wrZ1wFSty9F7FCgu,Chappell Roan,2024-05-30
33,I Wanna Be Yours,5XeFesFbtLpXzIVDNQP22n,Arctic Monkeys,2024-05-30
34,FE!N (feat. Playboi Carti),42VsgItocQwOQC3XWZ8JNA,Travis Scott; Playboi Carti,2024-05-30
35,LUNA,7bywjHOc0wSjGGbj04XbVi,Feid; ATL Jacob,2024-05-30
36,Stick Season,0mflMxspEfB0VbI1kyLiAv,Noah Kahan,2024-05-30
37,The Night We Met,3hRV0jL3vUpRrcy398teAU,Lord Huron,2024-05-30
38,Sweater Weather,2QjOHCTQ1Jl3zawyYOpxh6,The Neighbourhood,2024-05-30
39,Santa,6a9Z1jUms915w4O7N1PxjY,Rvssian; Rauw Alejandro; Ayra Starr,2024-05-30
40,THE GREATEST,6TGd66r0nlPaYm3KIoI7ET,Billie Eilish,2024-05-30
41,SKINNY,1CsMKhwEmNnmvHUuO5nryA,Billie Eilish,2024-05-30
42,Madonna,5LhI8m7n8xlQmNe3b7Rwis,Natanael Cano; Oscar Maydon,2024-05-30
43,greedy,3rUGC1vUpkDG9CZFHMur1t,Tate McRae,2024-05-30
44,Supernova,4sgMbwl9lXGyHcHmtFYGMm,aespa,2024-05-30
45,Si No Quieres No,1C84d9abZVKWHT2YYpoean,Luis R Conriquez; Neton Vega,2024-05-30
46,Magnetic,1aKvZDoLGkNMxoRYgkckZG,ILLIT,2024-05-30
47,My Love Mine All Mine,3vkCueOmm7xQDoJ17W1Pm3,Mitski,2024-05-30
48,See You Again (feat. Kali Uchis),7KA4W4McWYRpgf0fWsJZWB,"Tyler, The Creator; Kali Uchis",2024-05-30
49,euphoria,77DRzu7ERs0TX3roZcre7Q,Kendrick Lamar,2024-05-30
50,THE DINER,1LLUoftvmTjVNBHZoQyveF,Billie Eilish,2024-05-30
1,Espresso,2qSkIjg1o9h3YT9RAgYN75,Sabrina Carpenter,2024-05-31
2,MILLION DOLLAR BABY,7fzHQizxTqy8wTXwlrgPQQ,Tommy Richman,2024-05-31
3,LUNCH,629DixmZGHc7ILtEntuiWE,Billie Eilish,2024-05-31
4,Not Like Us,6AI3ezQ4o3HUoP6Dhudph3,Kendrick Lamar,2024-05-31
5,BIRDS OF A FEATHER,6dOtVTDdiauQNBQEDOtlAB,Billie Eilish,2024-05-31
6,Gata Only,6XjDF6nds4DE2BBbagZol6,FloyyMenor; Cris Mj,2024-05-31
7,I Had Some Help (Feat. Morgan Wallen),7221xIgOnuakPdLqT0F3nP,Post Malone; Morgan Wallen,2024-05-31
8,Too Sweet,5Z0UnEtpLDQyYlWwgi8m9C,Hozier,2024-05-31
9,i like the way you kiss me,2GxrNKugF82CnoRFbQfzPf,Artemas,2024-05-31
10,CHIHIRO,7BRD7x5pt8Lqa1eGYC4dzj,Billie Eilish,2024-05-31
11,A Bar Song (Tipsy),2FQrifJ1N335Ljm3TjTVVf,Shaboozey,2024-05-31
12,Beautiful Things,3xkHsmpQCBMytMJNiDf3Ii,Benson Boone,2024-05-31
13,we can't be friends (wait for your love),51ZQ1vr10ffzbwIjDCwqm4,Ariana Grande,2024-05-31
14,Fortnight (feat. Post Malone),2OzhQlSqBEmt7hmkYxfT6m,Taylor Swift; Post Malone,2024-05-31
15,End of Beginning,3qhlB30KknSejmIvZZLjOD,Djo,2024-05-31
16,BAND4BAND (feat. Lil Baby),7iabz12vAuVQYyekFIWJxD,Central Cee; Lil Baby,2024-05-31
17,Lose Control,17phhZDn6oGtzMe56NuWvj,Teddy Swims,2024-05-31
18,Stargazing,3Vr3zh0r7ALn8VLqCiRR10,Myles Smith,2024-05-31
19,"One Of The Girls (with JENNIE, Lily Rose Depp)",7CyPwkp0oE8Ro9Dd5CUDjW,The Weeknd; JENNIE; Lily-Rose Depp,2024-05-31
20,WILDFLOWER,3QaPy1KgI7nu9FJEQUgn6h,Billie Eilish,2024-05-31
21,Santa,6a9Z1jUms915w4O7N1PxjY,Rvssian; Rauw Alejandro; Ayra Starr,2024-05-31
22,Cruel Summer,1BxfuPKGuaTgP7aM0Bbdwr,Taylor Swift,2024-05-31
23,BLUE,2prqm9sPLj10B4Wg0wE5x9,Billie Eilish,2024-05-31
24,Like That,2tudvzsrR56uom6smgOcSf,Future; Metro Boomin; Kendrick Lamar,2024-05-31
25,Belong Together,5uQ7de4EWjb3rkcFxyEOpu,Mark Ambor,2024-05-31
26,I Can Do It With a Broken Heart,4q5YezDOIPcoLr8R81x9qy,Taylor Swift,2024-05-31
27,Pink Skies,4ZJ4vzLQekI0WntDbanNC7,Zach Bryan,2024-05-31
28,Austin,2uqYupMHANxnwgeiXTZXzd,Dasha,2024-05-31
29,As It Was,4Dvkj6JhhA12EX05fT7y2e,Harry Styles,2024-05-31
30,Slow It Down,51eSHglvG1RJXtL3qI5trr,Benson Boone,2024-05-31
31,Saturn,1bjeWoagtHmUKputLVyDxQ,SZA,2024-05-31
32,FE!N (feat. Playboi Carti),42VsgItocQwOQC3XWZ8JNA,Travis Scott; Playboi Carti,2024-05-31
33,"Good Luck, Babe!",0WbMK4wrZ1wFSty9F7FCgu,Chappell Roan,2024-05-31
34,Stick Season,0mflMxspEfB0VbI1kyLiAv,Noah Kahan,2024-05-31
35,LUNA,7bywjHOc0wSjGGbj04XbVi,Feid; ATL Jacob,2024-05-31
36,The Night We Met,3hRV0jL3vUpRrcy398teAU,Lord Huron,2024-05-31
37,I Wanna Be Yours,5XeFesFbtLpXzIVDNQP22n,Arctic Monkeys,2024-05-31
38,Sweater Weather,2QjOHCTQ1Jl3zawyYOpxh6,The Neighbourhood,2024-05-31
39,L’AMOUR DE MA VIE,6fPan2saHdFaIHuTSatORv,Billie Eilish,2024-05-31
40,Madonna,5LhI8m7n8xlQmNe3b7Rwis,Natanael Cano; Oscar Maydon,2024-05-31
41,greedy,3rUGC1vUpkDG9CZFHMur1t,Tate McRae,2024-05-31
42,Si No Quieres No,1C84d9abZVKWHT2YYpoean,Luis R Conriquez; Neton Vega,2024-05-31
43,THE GREATEST,6TGd66r0nlPaYm3KIoI7ET,Billie Eilish,2024-05-31
44,Magnetic,1aKvZDoLGkNMxoRYgkckZG,ILLIT,2024-05-31
45,SKINNY,1CsMKhwEmNnmvHUuO5nryA,Billie Eilish,2024-05-31
46,See You Again (feat. Kali Uchis),7KA4W4McWYRpgf0fWsJZWB,"Tyler, The Creator; Kali Uchis",2024-05-31
47,Supernova,4sgMbwl9lXGyHcHmtFYGMm,aespa,2024-05-31
48,My Love Mine All Mine,3vkCueOmm7xQDoJ17W1Pm3,Mitski,2024-05-31
49,MTG QUEM NÃO QUER SOU EU,6RjSXi9cPGroetXeNsWFGL,DJ TOPO; Seu Jorge; Mc Leozin,2024-05-31
50,euphoria,77DRzu7ERs0TX3roZcre7Q,Kendrick Lamar,2024-05-31
1,Espresso,2qSkIjg1o9h3YT9RAgYN75,Sabrina Carpenter,2024-06-01
2,MILLION DOLLAR BABY,7fzHQizxTqy8wTXwlrgPQQ,Tommy Richman,2024-06-01
3,LUNCH,629DixmZGHc7ILtEntuiWE,Billie Eilish,2024-06-01
4,Not Like Us,6AI3ezQ4o3HUoP6Dhudph3,Kendrick Lamar,2024-06-01
5,BIRDS OF A FEATHER,6dOtVTDdiauQNBQEDOtlAB,Billie Eilish,2024-06-01
6,Gata Only,6XjDF6nds4DE2BBbagZol6,FloyyMenor; Cris Mj,2024-06-01
7,I Had Some Help (Feat. Morgan Wallen),7221xIgOnuakPdLqT0F3nP,Post Malone; Morgan Wallen,2024-06-01
8,Too Sweet,5Z0UnEtpLDQyYlWwgi8m9C,Hozier,2024-06-01
9,Beautiful Things,3xkHsmpQCBMytMJNiDf3Ii,Benson Boone,2024-06-01
10,CHIHIRO,7BRD7x5pt8Lqa1eGYC4dzj,Billie Eilish,2024-06-01
11,i like the way you kiss me,2GxrNKugF82CnoRFbQfzPf,Artemas,2024-06-01
12,A Bar Song (Tipsy),2FQrifJ1N335Ljm3TjTVVf,Shaboozey,2024-06-01
13,we can't be friends (wait for your love),51ZQ1vr10ffzbwIjDCwqm4,Ariana Grande,2024-06-01
14,Fortnight (feat. Post Malone),2OzhQlSqBEmt7hmkYxfT6m,Taylor Swift; Post Malone,2024-06-01
15,BAND4BAND (feat. Lil Baby),7iabz12vAuVQYyekFIWJxD,Central Cee; Lil Baby,2024-06-01
16,End of Beginning,3qhlB30KknSejmIvZZLjOD,Djo,2024-06-01
17,Lose Control,17phhZDn6oGtzMe56NuWvj,Teddy Swims,2024-06-01
18,Stargazing,3Vr3zh0r7ALn8VLqCiRR10,Myles Smith,2024-06-01
19,"One Of The Girls (with JENNIE, Lily Rose Depp)",7CyPwkp0oE8Ro9Dd5CUDjW,The Weeknd; JENNIE; Lily-Rose Depp,2024-06-01
20,WILDFLOWER,3QaPy1KgI7nu9FJEQUgn6h,Billie Eilish,2024-06-01
21,Santa,6a9Z1jUms915w4O7N1PxjY,Rvssian; Rauw Alejandro; Ayra Starr,2024-06-01
22,Cruel Summer,1BxfuPKGuaTgP7aM0Bbdwr,Taylor Swift,2024-06-01
23,As It Was,4Dvkj6JhhA12EX05fT7y2e,Harry Styles,2024-06-01
24,I Can Do It With a Broken Heart,4q5YezDOIPcoLr8R81x9qy,Taylor Swift,2024-06-01
25,BLUE,2prqm9sPLj10B4Wg0wE5x9,Billie Eilish,2024-06-01
26,Pink Skies,4ZJ4vzLQekI0WntDbanNC7,Zach Bryan,2024-06-01
27,Like That,2tudvzsrR56uom6smgOcSf,Future; Metro Boomin; Kendrick Lamar,2024-06-01
28,Austin (Boots Stop Workin'),2uqYupMHANxnwgeiXTZXzd,Dasha,2024-06-01
29,"Good Luck, Babe!",0WbMK4wrZ1wFSty9F7FCgu,Chappell Roan,2024-06-01
30,Slow It Down,51eSHglvG1RJXtL3qI5trr,Benson Boone,2024-06-01
31,Belong Together,5uQ7de4EWjb3rkcFxyEOpu,Mark Ambor,2024-06-01
32,Madonna,5LhI8m7n8xlQmNe3b7Rwis,Natanael Cano; Oscar Maydon,2024-06-01
33,Sweater Weather,2QjOHCTQ1Jl3zawyYOpxh6,The Neighbourhood,2024-06-01
34,LUNA,7bywjHOc0wSjGGbj04XbVi,Feid; ATL Jacob,2024-06-01
35,FE!N (feat. Playboi Carti),42VsgItocQwOQC3XWZ8JNA,Travis Scott; Playboi Carti,2024-06-01
36,Saturn,1bjeWoagtHmUKputLVyDxQ,SZA,2024-06-01
37,L’AMOUR DE MA VIE,6fPan2saHdFaIHuTSatORv,Billie Eilish,2024-06-01
38,Stick Season,0mflMxspEfB0VbI1kyLiAv,Noah Kahan,2024-06-01
39,greedy,3rUGC1vUpkDG9CZFHMur1t,Tate McRae,2024-06-01
40,I Wanna Be Yours,5XeFesFbtLpXzIVDNQP22n,Arctic Monkeys,2024-06-01
41,The Night We Met,3hRV0jL3vUpRrcy398teAU,Lord Huron,2024-06-01
42,Magnetic,1aKvZDoLGkNMxoRYgkckZG,ILLIT,2024-06-01
43,Si No Quieres No,1C84d9abZVKWHT2YYpoean,Luis R Conriquez; Neton Vega,2024-06-01
44,THE GREATEST,6TGd66r0nlPaYm3KIoI7ET,Billie Eilish,2024-06-01
45,See You Again (feat. Kali Uchis),7KA4W4McWYRpgf0fWsJZWB,"Tyler, The Creator; Kali Uchis",2024-06-01
46,Supernova,4sgMbwl9lXGyHcHmtFYGMm,aespa,2024-06-01
47,My Love Mine All Mine,3vkCueOmm7xQDoJ17W1Pm3,Mitski,2024-06-01
48,MTG QUEM NÃO QUER SOU EU,6RjSXi9cPGroetXeNsWFGL,DJ TOPO; Seu Jorge; Mc Leozin,2024-06-01
49,SKINNY,1CsMKhwEmNnmvHUuO5nryA,Billie Eilish,2024-06-01
50,euphoria,77DRzu7ERs0TX3roZcre7Q,Kendrick Lamar,2024-06-01
1,Espresso,2qSkIjg1o9h3YT9RAgYN75,Sabrina Carpenter,2024-06-02
2,MILLION DOLLAR BABY,7fzHQizxTqy8wTXwlrgPQQ,Tommy Richman,2024-06-02
3,Houdini,2HYFX63wP3otVIvopRS99Z,Eminem,2024-06-02
4,BIRDS OF A FEATHER,6dOtVTDdiauQNBQEDOtlAB,Billie Eilish,2024-06-02
5,LUNCH,629DixmZGHc7ILtEntuiWE,Billie Eilish,2024-06-02
6,Not Like Us,6AI3ezQ4o3HUoP6Dhudph3,Kendrick Lamar,2024-06-02
7,Gata Only,6XjDF6nds4DE2BBbagZol6,FloyyMenor; Cris Mj,2024-06-02
8,I Had Some Help (Feat. Morgan Wallen),7221xIgOnuakPdLqT0F3nP,Post Malone; Morgan Wallen,2024-06-02
9,A Bar Song (Tipsy),5fZJQrFKWQLb7FpJXZ1g7K,Shaboozey,2024-06-02
10,Too Sweet,5Z0UnEtpLDQyYlWwgi8m9C,Hozier,2024-06-02
11,i like the way you kiss me,2GxrNKugF82CnoRFbQfzPf,Artemas,2024-06-02
12,Beautiful Things,3xkHsmpQCBMytMJNiDf3Ii,Benson Boone,2024-06-02
13,CHIHIRO,7BRD7x5pt8Lqa1eGYC4dzj,Billie Eilish,2024-06-02
14,BAND4BAND (feat. Lil Baby),7iabz12vAuVQYyekFIWJxD,Central Cee; Lil Baby,2024-06-02
15,Fortnight (feat. Post Malone),2OzhQlSqBEmt7hmkYxfT6m,Taylor Swift; Post Malone,2024-06-02
16,we can't be friends (wait for your love),51ZQ1vr10ffzbwIjDCwqm4,Ariana Grande,2024-06-02
17,End of Beginning,3qhlB30KknSejmIvZZLjOD,Djo,2024-06-02
18,Lose Control,17phhZDn6oGtzMe56NuWvj,Teddy Swims,2024-06-02
19,Stargazing,3Vr3zh0r7ALn8VLqCiRR10,Myles Smith,2024-06-02
20,Pink Skies,4ZJ4vzLQekI0WntDbanNC7,Zach Bryan,2024-06-02
21,"One Of The Girls (with JENNIE, Lily Rose Depp)",7CyPwkp0oE8Ro9Dd5CUDjW,The Weeknd; JENNIE; Lily-Rose Depp,2024-06-02
22,Santa,6a9Z1jUms915w4O7N1PxjY,Rvssian; Rauw Alejandro; Ayra Starr,2024-06-02
23,WILDFLOWER,3QaPy1KgI7nu9FJEQUgn6h,Billie Eilish,2024-06-02
24,Cruel Summer,1BxfuPKGuaTgP7aM0Bbdwr,Taylor Swift,2024-06-02
25,I Can Do It With a Broken Heart,4q5YezDOIPcoLr8R81x9qy,Taylor Swift,2024-06-02
26,Austin (Boots Stop Workin'),2uqYupMHANxnwgeiXTZXzd,Dasha,2024-06-02
27,As It Was,4Dvkj6JhhA12EX05fT7y2e,Harry Styles,2024-06-02
28,Belong Together,5uQ7de4EWjb3rkcFxyEOpu,Mark Ambor,2024-06-02
29,Like That,2tudvzsrR56uom6smgOcSf,Future; Metro Boomin; Kendrick Lamar,2024-06-02
30,Madonna,5LhI8m7n8xlQmNe3b7Rwis,Natanael Cano; Oscar Maydon,2024-06-02
31,LUNA,7bywjHOc0wSjGGbj04XbVi,Feid; ATL Jacob,2024-06-02
32,BLUE,2prqm9sPLj10B4Wg0wE5x9,Billie Eilish,2024-06-02
33,"Good Luck, Babe!",0WbMK4wrZ1wFSty9F7FCgu,Chappell Roan,2024-06-02
34,Sweater Weather,2QjOHCTQ1Jl3zawyYOpxh6,The Neighbourhood,2024-06-02
35,Slow It Down,51eSHglvG1RJXtL3qI5trr,Benson Boone,2024-06-02
36,FE!N (feat. Playboi Carti),42VsgItocQwOQC3XWZ8JNA,Travis Scott; Playboi Carti,2024-06-02
37,Stick Season,0mflMxspEfB0VbI1kyLiAv,Noah Kahan,2024-06-02
38,Si No Quieres No,1C84d9abZVKWHT2YYpoean,Luis R Conriquez; Neton Vega,2024-06-02
39,Saturn,1bjeWoagtHmUKputLVyDxQ,SZA,2024-06-02
40,L’AMOUR DE MA VIE,6fPan2saHdFaIHuTSatORv,Billie Eilish,2024-06-02
41,I Wanna Be Yours,5XeFesFbtLpXzIVDNQP22n,Arctic Monkeys,2024-06-02
42,greedy,3rUGC1vUpkDG9CZFHMur1t,Tate McRae,2024-06-02
43,Magnetic,1aKvZDoLGkNMxoRYgkckZG,ILLIT,2024-06-02
44,Pedro,48lxT5qJF0yYyf2z4wB4xW,Jaxomy; Agatino Romero; Raffaella Carrà,2024-06-02
45,The Night We Met,3hRV0jL3vUpRrcy398teAU,Lord Huron,2024-06-02
46,SI NO ES CONTIGO,5Uptvz6j1sjDKxidAcnH2L,Cris Mj,2024-06-02
47,MTG QUEM NÃO QUER SOU EU,6RjSXi9cPGroetXeNsWFGL,DJ TOPO; Seu Jorge; Mc Leozin; MC G15,2024-06-02
48,Supernova,4sgMbwl9lXGyHcHmtFYGMm,aespa,2024-06-02
49,one of wun,4Na2HfNSr58chvfX69fy36,Gunna,2024-06-02
50,THE GREATEST,6TGd66r0nlPaYm3KIoI7ET,Billie Eilish,2024-06-02
1,Espresso,2qSkIjg1o9h3YT9RAgYN75,Sabrina Carpenter,2024-06-03
2,MILLION DOLLAR BABY,7fzHQizxTqy8wTXwlrgPQQ,Tommy Richman,2024-06-03
3,Houdini,2HYFX63wP3otVIvopRS99Z,Eminem,2024-06-03
4,BIRDS OF A FEATHER,6dOtVTDdiauQNBQEDOtlAB,Billie Eilish,2024-06-03
5,Gata Only,6XjDF6nds4DE2BBbagZol6,FloyyMenor; Cris Mj,2024-06-03
6,LUNCH,629DixmZGHc7ILtEntuiWE,Billie Eilish,2024-06-03
7,Not Like Us,6AI3ezQ4o3HUoP6Dhudph3,Kendrick Lamar,2024-06-03
8,I Had Some Help (Feat. Morgan Wallen),7221xIgOnuakPdLqT0F3nP,Post Malone; Morgan Wallen,2024-06-03
9,Too Sweet,5Z0UnEtpLDQyYlWwgi8m9C,Hozier,2024-06-03
10,A Bar Song (Tipsy),5fZJQrFKWQLb7FpJXZ1g7K,Shaboozey,2024-06-03
11,Beautiful Things,3xkHsmpQCBMytMJNiDf3Ii,Benson Boone,2024-06-03
12,i like the way you kiss me,2GxrNKugF82CnoRFbQfzPf,Artemas,2024-06-03
13,CHIHIRO,7BRD7x5pt8Lqa1eGYC4dzj,Billie Eilish,2024-06-03
14,BAND4BAND (feat. Lil Baby),7iabz12vAuVQYyekFIWJxD,Central Cee; Lil Baby,2024-06-03
15,we can't be friends (wait for your love),51ZQ1vr10ffzbwIjDCwqm4,Ariana Grande,2024-06-03
16,Fortnight (feat. Post Malone),2OzhQlSqBEmt7hmkYxfT6m,Taylor Swift; Post Malone,2024-06-03
17,End of Beginning,3qhlB30KknSejmIvZZLjOD,Djo,2024-06-03
18,Lose Control,17phhZDn6oGtzMe56NuWvj,Teddy Swims,2024-06-03
19,Stargazing,3Vr3zh0r7ALn8VLqCiRR10,Myles Smith,2024-06-03
20,Santa,6a9Z1jUms915w4O7N1PxjY,Rvssian; Rauw Alejandro; Ayra Starr,2024-06-03
21,"One Of The Girls (with JENNIE, Lily Rose Depp)",7CyPwkp0oE8Ro9Dd5CUDjW,The Weeknd; JENNIE; Lily-Rose Depp,2024-06-03
22,Cruel Summer,1BxfuPKGuaTgP7aM0Bbdwr,Taylor Swift,2024-06-03
23,Pink Skies,4ZJ4vzLQekI0WntDbanNC7,Zach Bryan,2024-06-03
24,Si No Quieres No,1C84d9abZVKWHT2YYpoean,Luis R Conriquez; Neton Vega,2024-06-03
25,Austin (Boots Stop Workin'),2uqYupMHANxnwgeiXTZXzd,Dasha,2024-06-03
26,LUNA,7bywjHOc0wSjGGbj04XbVi,Feid; ATL Jacob,2024-06-03
27,I Can Do It With a Broken Heart,4q5YezDOIPcoLr8R81x9qy,Taylor Swift,2024-06-03
28,As It Was,4Dvkj6JhhA12EX05fT7y2e,Harry Styles,2024-06-03
29,WILDFLOWER,3QaPy1KgI7nu9FJEQUgn6h,Billie Eilish,2024-06-03
30,"Good Luck, Babe!",0WbMK4wrZ1wFSty9F7FCgu,Chappell Roan,2024-06-03
31,Belong Together,5uQ7de4EWjb3rkcFxyEOpu,Mark Ambor,2024-06-03
32,Sweater Weather,2QjOHCTQ1Jl3zawyYOpxh6,The Neighbourhood,2024-06-03
33,Like That,2tudvzsrR56uom6smgOcSf,Future; Metro Boomin; Kendrick Lamar,2024-06-03
34,Slow It Down,51eSHglvG1RJXtL3qI5trr,Benson Boone,2024-06-03
35,BLUE,2prqm9sPLj10B4Wg0wE5x9,Billie Eilish,2024-06-03
36,Stick Season,0mflMxspEfB0VbI1kyLiAv,Noah Kahan,2024-06-03
37,Saturn,1bjeWoagtHmUKputLVyDxQ,SZA,2024-06-03
38,I Wanna Be Yours,5XeFesFbtLpXzIVDNQP22n,Arctic Monkeys,2024-06-03
39,Madonna,5LhI8m7n8xlQmNe3b7Rwis,Natanael Cano; Oscar Maydon,2024-06-03
40,Magnetic,1aKvZDoLGkNMxoRYgkckZG,ILLIT,2024-06-03
41,MTG QUEM NÃO QUER SOU EU,6RjSXi9cPGroetXeNsWFGL,DJ TOPO; Seu Jorge; Mc Leozin; MC G15,2024-06-03
42,Pedro,48lxT5qJF0yYyf2z4wB4xW,Jaxomy; Agatino Romero; Raffaella Carrà,2024-06-03
43,greedy,3rUGC1vUpkDG9CZFHMur1t,Tate McRae,2024-06-03
44,SI NO ES CONTIGO,5Uptvz6j1sjDKxidAcnH2L,Cris Mj,2024-06-03
45,Locked out of Heaven,5g7sDjBhZ4I3gcFIpkrLuI,Bruno Mars,2024-06-03
46,The Night We Met,3hRV0jL3vUpRrcy398teAU,Lord Huron,2024-06-03
47,FE!N (feat. Playboi Carti),42VsgItocQwOQC3XWZ8JNA,Travis Scott; Playboi Carti,2024-06-03
48,Flowers,7DSAEUvxU8FajXtRloy8M0,Miley Cyrus,2024-06-03
49,L’AMOUR DE MA VIE,6fPan2saHdFaIHuTSatORv,Billie Eilish,2024-06-03
50,See You Again (feat. Kali Uchis),7KA4W4McWYRpgf0fWsJZWB,"Tyler, The Creator; Kali Uchis",2024-06-03
1,Espresso,2qSkIjg1o9h3YT9RAgYN75,Sabrina Carpenter,2024-06-04
2,MILLION DOLLAR BABY,7fzHQizxTqy8wTXwlrgPQQ,Tommy Richman,2024-06-04
3,Houdini,2HYFX63wP3otVIvopRS99Z,Eminem,2024-06-04
4,BIRDS OF A FEATHER,6dOtVTDdiauQNBQEDOtlAB,Billie Eilish,2024-06-04
5,LUNCH,629DixmZGHc7ILtEntuiWE,Billie Eilish,2024-06-04
6,Gata Only,6XjDF6nds4DE2BBbagZol6,FloyyMenor; Cris Mj,2024-06-04
7,Not Like Us,6AI3ezQ4o3HUoP6Dhudph3,Kendrick Lamar,2024-06-04
8,I Had Some Help (Feat. Morgan Wallen),7221xIgOnuakPdLqT0F3nP,Post Malone; Morgan Wallen,2024-06-04
9,Too Sweet,5Z0UnEtpLDQyYlWwgi8m9C,Hozier,2024-06-04
10,Beautiful Things,3xkHsmpQCBMytMJNiDf3Ii,Benson Boone,2024-06-04
11,i like the way you kiss me,2GxrNKugF82CnoRFbQfzPf,Artemas,2024-06-04
12,BAND4BAND (feat. Lil Baby),7iabz12vAuVQYyekFIWJxD,Central Cee; Lil Baby,2024-06-04
13,CHIHIRO,7BRD7x5pt8Lqa1eGYC4dzj,Billie Eilish,2024-06-04
14,A Bar Song (Tipsy),5fZJQrFKWQLb7FpJXZ1g7K,Shaboozey,2024-06-04
15,we can't be friends (wait for your love),51ZQ1vr10ffzbwIjDCwqm4,Ariana Grande,2024-06-04
16,End of Beginning,3qhlB30KknSejmIvZZLjOD,Djo,2024-06-04
17,Fortnight (feat. Post Malone),2OzhQlSqBEmt7hmkYxfT6m,Taylor Swift; Post Malone,2024-06-04
18,Lose Control,17phhZDn6oGtzMe56NuWvj,Teddy Swims,2024-06-04
19,Stargazing,3Vr3zh0r7ALn8VLqCiRR10,Myles Smith,2024-06-04
20,"One Of The Girls (with JENNIE, Lily Rose Depp)",7CyPwkp0oE8Ro9Dd5CUDjW,The Weeknd; JENNIE; Lily-Rose Depp,2024-06-04
21,Si No Quieres No,1C84d9abZVKWHT2YYpoean,Luis R Conriquez; Neton Vega,2024-06-04
22,Pink Skies,4ZJ4vzLQekI0WntDbanNC7,Zach Bryan,2024-06-04
23,Cruel Summer,1BxfuPKGuaTgP7aM0Bbdwr,Taylor Swift,2024-06-04
24,Santa,6a9Z1jUms915w4O7N1PxjY,Rvssian; Rauw Alejandro; Ayra Starr,2024-06-04
25,WILDFLOWER,3QaPy1KgI7nu9FJEQUgn6h,Billie Eilish,2024-06-04
26,"Good Luck, Babe!",0WbMK4wrZ1wFSty9F7FCgu,Chappell Roan,2024-06-04
27,As It Was,4Dvkj6JhhA12EX05fT7y2e,Harry Styles,2024-06-04
28,I Can Do It With a Broken Heart,4q5YezDOIPcoLr8R81x9qy,Taylor Swift,2024-06-04
29,Austin (Boots Stop Workin'),2uqYupMHANxnwgeiXTZXzd,Dasha,2024-06-04
30,Sweater Weather,2QjOHCTQ1Jl3zawyYOpxh6,The Neighbourhood,2024-06-04
31,LUNA,7bywjHOc0wSjGGbj04XbVi,Feid; ATL Jacob,2024-06-04
32,Belong Together,5uQ7de4EWjb3rkcFxyEOpu,Mark Ambor,2024-06-04
33,BLUE,2prqm9sPLj10B4Wg0wE5x9,Billie Eilish,2024-06-04
34,Like That,2tudvzsrR56uom6smgOcSf,Future; Metro Boomin; Kendrick Lamar,2024-06-04
35,I Wanna Be Yours,5XeFesFbtLpXzIVDNQP22n,Arctic Monkeys,2024-06-04
36,Saturn,1bjeWoagtHmUKputLVyDxQ,SZA,2024-06-04
37,Magnetic,1aKvZDoLGkNMxoRYgkckZG,ILLIT,2024-06-04
38,Slow It Down,51eSHglvG1RJXtL3qI5trr,Benson Boone,2024-06-04
39,Stick Season,0mflMxspEfB0VbI1kyLiAv,Noah Kahan,2024-06-04
40,The Night We Met,3hRV0jL3vUpRrcy398teAU,Lord Huron,2024-06-04
41,Madonna,5LhI8m7n8xlQmNe3b7Rwis,Natanael Cano; Oscar Maydon,2024-06-04
42,L’AMOUR DE MA VIE,6fPan2saHdFaIHuTSatORv,Billie Eilish,2024-06-04
43,greedy,3rUGC1vUpkDG9CZFHMur1t,Tate McRae,2024-06-04
44,Yellow,3AJwUDP919kvQ9QcozQPxg,Coldplay,2024-06-04
45,See You Again (feat. Kali Uchis),7KA4W4McWYRpgf0fWsJZWB,"Tyler, The Creator; Kali Uchis",2024-06-04
46,Locked out of Heaven,5g7sDjBhZ4I3gcFIpkrLuI,Bruno Mars,2024-06-04
47,Riptide,7yq4Qj7cqayVTp3FF9CWbm,Vance Joy,2024-06-04
48,FE!N (feat. Playboi Carti),42VsgItocQwOQC3XWZ8JNA,Travis Scott; Playboi Carti,2024-06-04
49,My Love Mine All Mine,3vkCueOmm7xQDoJ17W1Pm3,Mitski,2024-06-04
50,SI NO ES CONTIGO,5Uptvz6j1sjDKxidAcnH2L,Cris Mj,2024-06-04
1,Espresso,2qSkIjg1o9h3YT9RAgYN75,Sabrina Carpenter,2024-06-05
2,Houdini,2HYFX63wP3otVIvopRS99Z,Eminem,2024-06-05
3,MILLION DOLLAR BABY,7fzHQizxTqy8wTXwlrgPQQ,Tommy Richman,2024-06-05
4,BIRDS OF A FEATHER,6dOtVTDdiauQNBQEDOtlAB,Billie Eilish,2024-06-05
5,LUNCH,629DixmZGHc7ILtEntuiWE,Billie Eilish,2024-06-05
6,Gata Only,6XjDF6nds4DE2BBbagZol6,FloyyMenor; Cris Mj,2024-06-05
7,I Had Some Help (Feat. Morgan Wallen),7221xIgOnuakPdLqT0F3nP,Post Malone; Morgan Wallen,2024-06-05
8,Not Like Us,6AI3ezQ4o3HUoP6Dhudph3,Kendrick Lamar,2024-06-05
9,Too Sweet,5Z0UnEtpLDQyYlWwgi8m9C,Hozier,2024-06-05
10,i like the way you kiss me,2GxrNKugF82CnoRFbQfzPf,Artemas,2024-06-05
11,BAND4BAND (feat. Lil Baby),7iabz12vAuVQYyekFIWJxD,Central Cee; Lil Baby,2024-06-05
12,Beautiful Things,3xkHsmpQCBMytMJNiDf3Ii,Benson Boone,2024-06-05
13,CHIHIRO,7BRD7x5pt8Lqa1eGYC4dzj,Billie Eilish,2024-06-05
14,A Bar Song (Tipsy),5fZJQrFKWQLb7FpJXZ1g7K,Shaboozey,2024-06-05
15,we can't be friends (wait for your love),51ZQ1vr10ffzbwIjDCwqm4,Ariana Grande,2024-06-05
16,End of Beginning,3qhlB30KknSejmIvZZLjOD,Djo,2024-06-05
17,Fortnight (feat. Post Malone),2OzhQlSqBEmt7hmkYxfT6m,Taylor Swift; Post Malone,2024-06-05
18,Stargazing,3Vr3zh0r7ALn8VLqCiRR10,Myles Smith,2024-06-05
19,Lose Control,17phhZDn6oGtzMe56NuWvj,Teddy Swims,2024-06-05
20,"One Of The Girls (with JENNIE, Lily Rose Depp)",7CyPwkp0oE8Ro9Dd5CUDjW,The Weeknd; JENNIE; Lily-Rose Depp,2024-06-05
21,"Good Luck, Babe!",0WbMK4wrZ1wFSty9F7FCgu,Chappell Roan,2024-06-05
22,WILDFLOWER,3QaPy1KgI7nu9FJEQUgn6h,Billie Eilish,2024-06-05
23,Pink Skies,4ZJ4vzLQekI0WntDbanNC7,Zach Bryan,2024-06-05
24,Cruel Summer,1BxfuPKGuaTgP7aM0Bbdwr,Taylor Swift,2024-06-05
25,Santa,6a9Z1jUms915w4O7N1PxjY,Rvssian; Rauw Alejandro; Ayra Starr,2024-06-05
26,As It Was,4Dvkj6JhhA12EX05fT7y2e,Harry Styles,2024-06-05
27,Austin (Boots Stop Workin'),2uqYupMHANxnwgeiXTZXzd,Dasha,2024-06-05
28,Si No Quieres No,1C84d9abZVKWHT2YYpoean,Luis R Conriquez; Neton Vega,2024-06-05
29,BLUE,2prqm9sPLj10B4Wg0wE5x9,Billie Eilish,2024-06-05
30,Belong Together,5uQ7de4EWjb3rkcFxyEOpu,Mark Ambor,2024-06-05
31,I Can Do It With a Broken Heart,4q5YezDOIPcoLr8R81x9qy,Taylor Swift,2024-06-05
32,Sweater Weather,2QjOHCTQ1Jl3zawyYOpxh6,The Neighbourhood,2024-06-05
33,Like That,2tudvzsrR56uom6smgOcSf,Future; Metro Boomin; Kendrick Lamar,2024-06-05
34,LUNA,7bywjHOc0wSjGGbj04XbVi,Feid; ATL Jacob,2024-06-05
35,Slow It Down,51eSHglvG1RJXtL3qI5trr,Benson Boone,2024-06-05
36,L’AMOUR DE MA VIE,6fPan2saHdFaIHuTSatORv,Billie Eilish,2024-06-05
37,I Wanna Be Yours,5XeFesFbtLpXzIVDNQP22n,Arctic Monkeys,2024-06-05
38,The Night We Met,3hRV0jL3vUpRrcy398teAU,Lord Huron,2024-06-05
39,Saturn,1bjeWoagtHmUKputLVyDxQ,SZA,2024-06-05
40,SI NO ES CONTIGO,5Uptvz6j1sjDKxidAcnH2L,Cris Mj,2024-06-05
41,Magnetic,1aKvZDoLGkNMxoRYgkckZG,ILLIT,2024-06-05
42,Stick Season,0mflMxspEfB0VbI1kyLiAv,Noah Kahan,2024-06-05
43,greedy,3rUGC1vUpkDG9CZFHMur1t,Tate McRae,2024-06-05
44,FE!N (feat. Playboi Carti),42VsgItocQwOQC3XWZ8JNA,Travis Scott; Playboi Carti,2024-06-05
45,Supernova,4sgMbwl9lXGyHcHmtFYGMm,aespa,2024-06-05
46,See You Again (feat. Kali Uchis),7KA4W4McWYRpgf0fWsJZWB,"Tyler, The Creator; Kali Uchis",2024-06-05
47,My Love Mine All Mine,3vkCueOmm7xQDoJ17W1Pm3,Mitski,2024-06-05
48,Locked out of Heaven,5g7sDjBhZ4I3gcFIpkrLuI,Bruno Mars,2024-06-05
49,Kill Bill,1Qrg8KqiBpW07V7PNxwwwL,SZA,2024-06-05
50,Yellow,3AJwUDP919kvQ9QcozQPxg,Coldplay,2024-06-05
