position,title,user,views,likes,comments,original_music,musicTitle,musicId,date
1,I couldnâ€™t believe it,sara; 6713672886181954566,21000000,1300000,10900,True,original sound,7360726823300320043,2024-05-16
2,Replying to @L0S3R #petok #cats  as requested ğŸ˜­,Moneymeow; 6668098280343666694,29700000,5800000,39900,True,original sound,7113301022029777710,2024-05-16
3,COME HERE ğŸ˜­ #viral #xyzabc #vape #nic #repost ,tatii âœï¸; 7265900059039794218,2100000,219000,3766,True,FREE G SDOT GO,7240867535283915563,2024-05-16
4,,sophie rain; 7222279428985996331,7300000,776300,1379,True,fairy by 9lives,7202284315567229738,2024-05-16
5,Character development #fyp ,Micah; 6902123158339650565,8200000,1400000,6794,True,original sound,7336999528635058987,2024-05-16
6,someone edit this man ğŸ™Œ II #sturniolos #sturniolotriplets #sturniolotripletfunny #nicolasstruniolo #mattsturniolo #chrissturniolo II@Nicolas Sturniolo @Matt @Christopher Sturniolo ,jersey; 7183766301294560302,4400000,947000,1210,True,original sound,7349312471993273119,2024-05-16
7,Drunk @Joshua Block on the LIRR Train. @michaelquinnjagg0 #worldoftshirts #michaelquinn #joshuablock ,Whatchamacallit's; 7353125629486253102,25200000,2000000,12600,True,original sound,7090314630605589290,2024-05-16
8,me an bro ğŸ¤ #jimmyneutron #sheenestevez ,Maya Winky; 6973520867876537349,10700000,2100000,6971,True,Gonna kill u by insane clown posse,7232547664326429482,2024-05-16
9,put a finger down ugly edition ğŸ˜‚ğŸ˜ how many fingers do have left ğŸ¤”  #putfingersdown #putafingerdownğŸ’• #putafingerdownchallenge #challenge #game #quiz #learnontiktok #fyp #viral ,Funny animals â¤ï¸; 7329677045373240363,1500000,58800,12000,True,original sound,7345169798617434922,2024-05-16
10,weâ€™re dad and daughterğŸ‘ğŸ¾ #fyp #darkeyebrows #dadanddaughtergoals ,MichelağŸ¤™ğŸ¾; 6657524992828162053,19100000,4100000,10200,True,original sound,7350454988004395819,2024-05-16
11,i was playin ts by myself at night ğŸ’€ #fyp #fortnite #fortnitecreative #fortnitecreativemaps #fortnitehorrormap ,DT; 7335708519876658219,39700000,4600000,143500,True,original sound,7349820165812538158,2024-05-16
12,Perfect ğŸ˜˜â€¼ï¸ #fyp #viral #jessate ,JessğŸ’•; 6604019535551397893,7900000,903900,2136,False,Stick Em 2k20,6781572601882970886,2024-05-16
13,We in this FOREVER ğŸ¤ #capcut #marriage #mineforever #fypã‚· #Meme #MemeCut @Zeke Neal ,Tiffany ğŸ–¤; 6815368183710630918,8900000,896500,5419,True,original sound,7359022910894623534,2024-05-16
14,â€œMY WHAT?!â€ #fyp #dad #foryou ,Steven Tirone; 6662499537276846085,3300000,351700,1060,True,original sound,7362971756207852331,2024-05-16
15,The ultimate Bidd ğŸ˜­ #fyp #blow#this#up#viral#track #field ,Tpendergrass23; 6687320625806050310,51300000,5000000,44700,True,original sound,7354818410917743402,2024-05-16
16,bc y is u playin #punchingmachine #boxing #fypã‚· ,t; 7163782159271101486,54200000,5900000,23200,False,RAHHHH (sped up),7267271103374002178,2024-05-16
17,This was a a failğŸ˜‚ğŸ˜­,DKTHEMENACE; 7133037990921667626,13400000,3000000,14200,True,original sound,7337065771694164778,2024-05-16
18,win some you lose some ,Kj; 6912559460201235462,1100000,130300,629,True,CARNIVAL,7333582478693403393,2024-05-16
19,#stitch with @Date Right Stuff ,jasmin ğŸ’; 6755329894710772742,7600000,1300000,3244,True,original sound,7351067817935178538,2024-05-16
20,Dolls on tour ,Alex Consani; 6824237401234244614,31900000,5200000,11300,True,original sound,7346257696644959006,2024-05-16
21,Im being forreal #rude #friends #paramore #herway #herwaychallenge #presidentdeborahalivilliams #deborahaliwilliams #floptok #flopera ,Toyy; 7162739740545647658,5700000,942400,5997,True,original sound,7353259747493710635,2024-05-16
22,He gets so emotional with the song like he understands it ğŸ˜­â¤ï¸#mylovemineallmine #mitski #viral#fyp#cat#catsoftiktok #kitten#kittensoftiktok #sad#funny#funnycat @Mitski ,ğŸ€mitskittyğŸ€; 7223571189843428398,72700000,15300000,100200,True,original sound,7340828822017100586,2024-05-16
23,#fypã‚· ,ğ’¯ğ’¾ğ“ƒğ’¶; 151966085481676800,5300000,662300,3185,True,original sound,7290201488888957728,2024-05-16
24,this video is so funny ğŸ˜­ğŸ˜­ğŸ˜­ğŸ˜­,arleth ê¨„; 6888181449401451526,26600000,4000000,22500,True,who is coco,7356235257781275434,2024-05-16
25,They tuff until that alcohol hits them ğŸ˜‚ğŸ¤£Soon as I step out ğŸ¥ğŸ¦† #reels #reelsinstagram #reelsvideos #reelsindia #reelvideos #sonygear #gearaddict #reelslovers #houstonphotography #texasphotography #tomballphotographer #reelviral #barberlife #barber #barber #barbershopconnect #barberclips #tomballtx #magnolia #cypresstx #cameraman #sonyvideo#cameraman #reelsindia #funnyvideos #funnybarber #funnymoments #funnytiktok ,choppedbystev0; 6880575968696763397,71900000,6300000,33000,True,original sound,7345275272201046830,2024-05-16
26,I hate taking out the trash #fy #fypã‚· ,Cjâ€‚Soâ€‚Cool; 6915213765044110341,1700000,194200,883,True,ITS DA DOOO DOOO TRUCKL,7170035044164176683,2024-05-16
27,I gotta change schools. #jjk#eclipse#domainexpansion#solareclipse2024#gojo#him ,Sperg; 6622068398480326661,30100000,6200000,33100,False,Requiem,6842895783717505025,2024-05-16
28,ğŸ™ˆ #foryoupage #fyp #blowthisup #viral ,JaeğŸ¤©; 7095866270457578538,4500000,1000000,4996,True,Like That by Laila,7193926274119732014,2024-05-16
29,Replying to @L0S3R #petok #cats  as requested ğŸ˜­,Moneymeow; 6668098280343666694,29700000,5800000,39900,True,original sound,7113301022029777710,2024-05-16
30,Drunk @Joshua Block on the LIRR Train. @michaelquinnjagg0 #worldoftshirts #michaelquinn #joshuablock ,Whatchamacallit's; 7353125629486253102,25200000,2000000,12600,True,original sound,7090314630605589290,2024-05-16
31,weâ€™re dad and daughterğŸ‘ğŸ¾ #fyp #darkeyebrows #dadanddaughtergoals ,MichelağŸ¤™ğŸ¾; 6657524992828162053,19100000,4100000,10200,True,original sound,7350454988004395819,2024-05-16
32,,sophie rain; 7222279428985996331,7300000,776300,1379,True,fairy by 9lives,7202284315567229738,2024-05-16
33,Replying to @lilsushi00 Iâ€™m a Voiceactor part 2â€¦with friends ğŸ‘€ #hawks #mirko #takemichi #kaveh #cookierunkingdom #genshinimpact #myheroacademia #tokyorevengers #voiceactor #anime   ,AJBecklesVO; 6962223465764176901,16900000,2700000,16300,True,original sound,7354664768407554862,2024-05-16
34,the fact they both thought the same thing ğŸ˜­ #johnnieguilbert #jakewebber #jakeandjohnnie #johnnieguilbertandjakewebber #fyp #bsf #emo #alt ,kylie ğŸ’Œ; 6821293787555316741,5000000,704400,1162,True,original sound,7341922286942948139,2024-05-16
35,Get it Sexxxyyyyyy. Get your fav shade of tinsel. DM to bookğŸ’‹ğŸ’™ ##tinsel##hairtinsel##tinselhair##fairycore##fairyhair##haircut##hairstyles##smallbusiness,Meli MuahğŸ’‹; 7333330734457865258,6100000,967000,2361,False,Get It Sexyy,7342660098194148138,2024-05-16
36,Car insurance would go crazyğŸ˜­ğŸ™ #fyp ,Micah; 6902123158339650565,5300000,746900,2590,True,original sound,7361860659472124715,2024-05-16
37,This was a a failğŸ˜‚ğŸ˜­,DKTHEMENACE; 7133037990921667626,13400000,3000000,14200,True,original sound,7337065771694164778,2024-05-16
38,Poor kidğŸ˜­ #dahood #roblox #dahoodvc #robloxvc #dahoodfunny #robloxfyp ,amari; 7338797995992908842,5400000,753600,5587,False,Stiller / Stummer / Lautloser / Ruhiger / Mute / Kein / Aus / Nicht StÃ¶ren Smart Phone Sound / Ton FÃ¼r Alle Smartphones,6772234935894804482,2024-05-16
39,#fypã‚· ,ğ’¯ğ’¾ğ“ƒğ’¶; 151966085481676800,5300000,662300,3185,True,original sound,7290201488888957728,2024-05-16
40,@North.reacts #entertainment #playathome #funny #test ,North; 6809849785668420614,1300000,57400,18000,True,original sound,7343665662176316203,2024-05-16
41,We in this FOREVER ğŸ¤ #capcut #marriage #mineforever #fypã‚· #Meme #MemeCut @Zeke Neal ,Tiffany ğŸ–¤; 6815368183710630918,8900000,896500,5419,True,original sound,7359022910894623534,2024-05-16
42,YIPPEEEEEEEEE #trepang2 ,CKâ€™s Clips; 6998642899122848773,1100000,188700,1245,True,Whos my Favorite little Psychopath,7356599178497149738,2024-05-16
43,They tuff until that alcohol hits them ğŸ˜‚ğŸ¤£Soon as I step out ğŸ¥ğŸ¦† #reels #reelsinstagram #reelsvideos #reelsindia #reelvideos #sonygear #gearaddict #reelslovers #houstonphotography #texasphotography #tomballphotographer #reelviral #barberlife #barber #barber #barbershopconnect #barberclips #tomballtx #magnolia #cypresstx #cameraman #sonyvideo#cameraman #reelsindia #funnyvideos #funnybarber #funnymoments #funnytiktok ,choppedbystev0; 6880575968696763397,71900000,6300000,33000,True,original sound,7345275272201046830,2024-05-16
44,bc y is u playin #punchingmachine #boxing #fypã‚· ,t; 7163782159271101486,54200000,5900000,23200,False,RAHHHH (sped up),7267271103374002178,2024-05-16
45,"the question that NEEDS to be answered, whoâ€™s mopping ?ğŸ˜£ (ac: me) #vhsretroedits1 #foryoupage #xybca #viral #fyp #flopera ",lajah; 6616394552234639365,11500000,2200000,14000,True,original sound,7338173430879292203,2024-05-16
46,(its me) #fypã‚· #fyp #foryou #xyzbac ,sstarcrossedd; 7342222253818053675,10600000,2300000,16400,True,Minecraft Cave Sounds,6823402284404329222,2024-05-16
47,locked & loaded to teach some valuable lessons today ğŸ˜¡ #mainecoonkitten #mainecoonsoftiktok #cattraining ,Suki the Maine Coon; 7355682049810744366,45200000,7300000,34000,True,original sound,7361203689459043118,2024-05-16
48,Jelly time #baggiestpantsinatlana #baggy #baggyjeans #fyp #foryoupage ,Spam musubi; 7190690261023048750,4700000,423900,3244,True,Peanut Butter Jelly TTK MIXX,7339234132922944289,2024-05-16
49,Im being forreal #rude #friends #paramore #herway #herwaychallenge #presidentdeborahalivilliams #deborahaliwilliams #floptok #flopera ,Toyy; 7162739740545647658,5700000,942400,5997,True,original sound,7353259747493710635,2024-05-16
50,#pledgetok #college #dapper #mewingtutorial #wompwomp #fortniteclips #sandwich #bosnia #sillygoose ,toughknucklesLLC; 7334889503158764586,12600000,2300000,6197,True,original sound,7350894001723034411,2024-05-16
51,I hate taking out the trash #fy #fypã‚· ,Cjâ€‚Soâ€‚Cool; 6915213765044110341,1700000,194200,883,True,ITS DA DOOO DOOO TRUCKL,7170035044164176683,2024-05-16
52,i was playin ts by myself at night ğŸ’€ #fyp #fortnite #fortnitecreative #fortnitecreativemaps #fortnitehorrormap ,DT; 7335708519876658219,39700000,4600000,143500,True,original sound,7349820165812538158,2024-05-16
53,Playlist in bio ğŸ§ğŸµ #audiosforedits #editingaudios #editaudios #editingaudioss #songsforedits,Caydenz; 7089886629434967082,19500000,1600000,6672,False,CLEARED - Remix,7244341459519457281,2024-05-16
54,ğŸ—£ï¸ Money Money #tealoes #fu #money #emoney ,Tealoes; 7283999845485265966,11900000,1000000,21600,False,"MONEY! (Money Money, Green Green)",7340049080632920065,2024-05-16
55,Replying to @fifa creator lfc2005 fake everything #fyp #edmondx ,eddy; 6895110428373353477,2100000,176200,1716,True,original sound,7339676712327777066,2024-05-16
56,attitude then walk offğŸ’…#fyp @Him @jakobistovall4 @ğŸ–¤ğŸ¦‡ ,collyn_65; 6897968786081104902,2100000,305700,1339,True,original sound,7362184882312710955,2024-05-16
57,Iâ€™m not wrong ğŸ¤·ğŸ»â€â™€ï¸ #fyp ,Beth; 6660315348242169862,26100000,4000000,20400,True,original sound,7358218588546681643,2024-05-16
58,COME HERE ğŸ˜­ #viral #xyzabc #vape #nic #repost ,tatii âœï¸; 7265900059039794218,2100000,219000,3766,True,FREE G SDOT GO,7240867535283915563,2024-05-16
59,@SHEA DURAZZO ğŸ˜,Sofie Dossi; 191013848190197760,5300000,400800,5844,True,original sound - HannahandMina,7320661242543508267,2024-05-16
60,#fypã‚· ,ğ’¯ğ’¾ğ“ƒğ’¶; 151966085481676800,2900000,240900,585,True,Tick tock kid,6729609169894148870,2024-05-16
61,A BAKED BEAN???! #fyp #fypã‚· #catsoftiktok #petsoftiktok #cat #cattok #kittensoftiktok #kitty #dailycat #munchkincat #petlover #catparents #cutecat #shortlegs #munchkin ,Mittens; 7334363990653125674,2800000,614200,902,True,A BAKE BEAN,7207312040543668994,2024-05-16
62,This live thoğŸ˜­  #fypã‚·ã‚šviral #Esli #Fanpage #Real  #fypã‚· #Relatable #fypã‚·ã‚šviral ,Sky; 7339218216197817387,2100000,262900,486,True,original sound,7341822908085324590,2024-05-16
63,THIS STUPID HUNT IS GOING TO DRIVE ME CRAZY.. ğŸ˜­ #roblox #robloxgames #robloxadoptme #robloxfyp #robloxtiktok #robloxedit #robloxhorrorgame #robloxstories,Onyacok; 7279068810300032042,16600000,2200000,12400,True,original sound,7347251625276279598,2024-05-16
64,Hot DogğŸš« Hound Dogâœ…ï¸ #fyp ,Micah; 6902123158339650565,8400000,1300000,6761,True,original sound,7358937293942115115,2024-05-16
65,,Breleigh Davis ğŸ¤; 6712909623085777926,6100000,843000,2097,False,Grow A Pear,7000801422019987457,2024-05-16
66,Replying to @That one GIRL âœ¨ Comment how you did ğŸ‘‡ #brainteaser  #mindgame  #tiktokgames ,showerwithspongebob; 7331779385324995626,5600000,246500,6784,True,original sound,7351432745414085419,2024-05-16
67,Million Dollar Spaghetti,Kelly Cooks Texas ğŸ‘©â€ğŸ³ğŸ·; 60712772375678976,16500000,978000,17700,True,original sound,7348189636159752991,2024-05-16
68,#funny #fyp #funnyclips ,The best space vids; 7317763577763382318,10500000,1300000,1910,True,original sound,7352907151054031658,2024-05-16
69,they get jealous too? #fyp #foryou ,katmelriv; 6916213172819559429,12100000,1700000,5407,False,Grow A Pear,7000801422019987457,2024-05-16
70,My baby is a character man ğŸ˜‚#fyp ,India; 6782326426295026694,15300000,2100000,11400,True,EAT EAT EAT,6880718556737112838,2024-05-16
71,Chick Fil A girl collab before GTA 6 ğŸ¤”ğŸ—£ï¸ğŸ—£ï¸ @Gina  #chickfilagirl #chickfila,Preston; 6698503821624640518,16400000,1100000,6203,True,original sound,7359676573684894510,2024-05-16
72,"Chinese culture inspired version of the asoka trend ğŸ‘Iâ€™m so proud of this one  Let me know how many transitions you see in here, cuz i lost track hahhaa   Song: my new swag by Vava #transitions #transitionbts #grwm #asoka ",Lucia Liu; 6712527470815642629,16300000,2300000,13600,True,original sound - jharna bhagwani,7359545665809713926,2024-05-16
73,#fyp #foryou #viral @1OnlyNJE ,Simon; 6801632857133712389,53100000,10400000,94500,True,original sound,7356783367234308907,2024-05-16
74,bro the broke sound barrierğŸ’€ğŸ’€ #minecraft #minecraftmemes #funny #meme #creebus creebus break sound barrier scream yell,creebus; 6839817928201503749,12600000,1900000,14100,True,original sound,7349203974299454250,2024-05-16
75,,Kells; 6975987855466202118,38300000,4200000,6345,True,Ice Age,7327639929062755104,2024-05-16
76,#fyp ,audrey; 6740250673243309061,53800000,9300000,39700,True,sad SpongeBob music,6714159100260813573,2024-05-16
77,This ball was nuked ğŸ˜±ğŸ˜³ @Logan #uga #baseball #trickshot #fyp ,Kingofpointlesstrix; 6710427004493448198,8100000,852600,3749,True,som original,7325658348771085062,2024-05-16
78,Part 36 | Orange cat behavior! Funny cat videos #funnycats #funnyanimals #funnypets,FunnyCatsofTiktok; 7283871012709123118,48100000,4800000,16900,True,original sound,7341403816031456042,2024-05-16
79,do you want a or wanna box for your food? #serverthings ,gia; 2279265,14100000,2400000,6270,True,original sound,7339734541282609950,2024-05-16
80,POV: Refusing him #lovers #couple #love #mercedes #princesstreatment #lovestatus #passangerprincess ,Life in London; 7337322170157401131,17200000,2500000,12400,False,Soaked,7332495305533868033,2024-05-16
81,SEE YOU SUNDAY ğŸ™ğŸ¼ğŸ™ŒğŸ¼ It is better to trust in the Lord than to put confidence in man. Psalms 118:8 #trustfall #God #sunday #fyp #church #newgenyth #youthministry ,NEWGENYTH; 7206010224523707435,26500000,3500000,15400,True,original sound,7362248283663747882,2024-05-16
82,#STURNIOLO || The fart machine ğŸ˜­ || #chrissturniolo #mattsturniolo #nicksturniolo #sturniolotriplets #blowthisupforme #viral || @Sturnioloâ€™s ,ğŸ¸âœ¨jazminâœ¨ğŸ¸; 7163677267473040430,10800000,1900000,4899,True,original sound,7347169893869095726,2024-05-16
83,Vlog of a day in my life with my patek âŒšï¸ğŸ”¥ ( compilation of my videos part 53 ) dawg was just sleeping in first clip he good,Medazelliâ˜”ï¸; 7208670591380849707,2900000,384300,698,True,original sound,7355980500793838382,2024-05-16
84,Love me a good caniac combo#jayphysreturns #fyp #raisingcanes ,jay_phys; 7087565951436178474,10600000,1800000,6371,True,original sound,7351949093340777259,2024-05-16
85,i love this dance ğŸ¥° #icywicy #fyp #foryou #444 #foryoupage ,icy wicy ğŸ’—ğŸ’˜ğŸ’; 7025301418152887343,9600000,1000000,5593,True,original sound,7354971299153808171,2024-05-16
86,Bro wanted skibidi slicers ğŸ˜‚ğŸ’€â€¦#fyp #foryourpage #funny #viral #foryou #weird #neighbor #kid #moneybagbunda #skit ,moneybagbunda; 7333741806318076971,12600000,1500000,13000,True,original sound,7360106168443849514,2024-05-16
87,they get jealous too? #fyp #foryou ,katmelriv; 6916213172819559429,12100000,1700000,5407,False,Grow A Pear,7000801422019987457,2024-05-16
88,felt obligated #fyp #fypã‚· #relateable #viral ,peyton; 6947758733225772038,5900000,1200000,3046,True,original sound,7271683616785091374,2024-05-16
89,+ SEUNGMIN (last time chan was the one who wasnt able to be put in now its seungmin ğŸ˜­) || a rm of an edit I made a year ago :D also could we bring this trend back?? #straykidsedit #straykids #edit #kpop #jvngkae #bwipsngrpâ–«ï¸ ,aracely :); 7151949736319222830,3400000,783300,1693,True,original sound,7346579030335884075,2024-05-16
90,iykyk ğŸ˜† #lifehack #fyp ,ellechinita; 6868282670709195781,2200000,231600,1543,False,Get It Sexyy,7346506255760164865,2024-05-16
91,THE QUEEN HAS RETURNED! #fyp #quishathickums ,ğŸ’—ğŸ’°QUI$HATHICUM$ğŸ’°ğŸ’—; 7132173605476533294,7900000,1200000,16400,True,son original,7198275616985107206,2024-05-16
92,YIPPEEEEEEEEE #trepang2 ,CKâ€™s Clips; 6998642899122848773,1100000,188700,1245,True,Whos my Favorite little Psychopath,7356599178497149738,2024-05-16
93,How did we doğŸ¤”#pbjerry #fypã‚·ã‚šviral #xybca #foryourpage #trending #fyp #makeuptutorial #fypã‚· ,Jeremiah Mitchell; 2645410,12500000,1900000,7048,False,Stick Em 2k20,6781572601882970886,2024-05-16
94,Lol. #punchingmachine #boxing #fyp ,pole_vault_barbieğŸ©·; 7208255993406686250,10700000,956400,2689,False,RAHHHH (sped up),7267271103374002178,2024-05-16
95,realest shit ever ğŸ¤·â€â™‚ï¸ğŸ”¥ | cred: @âœ° a âœ° | #larray #foryoupage #foryou #ilove_sturnioloss #sturniolotriplets #blowup #blowthisup #viral #viralvideo #xybca #fyp ,chy; 7252794958369276970,11700000,2900000,9131,True,original sound,7338520946015587103,2024-05-16
96,#fyp #cfn #foryou #foryoupage ,CFN KASAI; 6888091685798364165,7500000,942700,3059,True,original sound,7356028971701521194,2024-05-16
97,ğŸ˜¹ğŸ˜»#pet #fyp #cat ,PetPt; 7280827806244684843,29500000,5800000,31000,True,åŸè²,7361240305335225131,2024-05-16
98,Million Dollar Spaghetti,Kelly Cooks Texas ğŸ‘©â€ğŸ³ğŸ·; 60712772375678976,16500000,978000,17700,True,original sound,7348189636159752991,2024-05-16
99,#maya #plslikeğŸ¥ºğŸŒ¿ğŸ¤ #idkwhatimdoing #idk #foryou #fyp #viralvideo #fypã‚·ã‚šviral @Maya Winky ,à¦”à§£ ğ•µğ–šğ–‘ğ–ğ–”à¦”à§£; 7140704986301711406,3200000,766500,2568,False,QKThr,6771810675950880769,2024-05-16
100,,Gavin ğŸ¦–; 7019005276796093445,19400000,4300000,23500,True,Yummy,7224232536614898474,2024-05-16
101,Cannot tell the gang i fw this#foryou #lilmabuğŸ˜ˆ #real #funnyvideos ,Vyper999__; 7201031376176268334,3800000,565100,4352,True,original sound,7356783503147223850,2024-05-16
102,With her lil ice cream cone ğŸ¥° #dadsoftiktok #wavyaep_ #edit #fyp #viral #foryou #foryoupage #dad  Edit By Me â€”â€”â€”â€”â€” - edit - dad - dads of tiktok - daughter - dad and daughter edit,wavyaep_; 7347361085340812330,1800000,243100,1667,True,original sound,7352006290236853035,2024-05-16
103,Itâ€™s the lyrics for me âœŒğŸ»ğŸ”¥,Mommyofthebeezzzz; 6722994352006923269,12300000,611900,32000,False,Cry,7348974424098244609,2024-05-16
104,@nicky ,Simon Santo; 7025685072586802223,9700000,2300000,3629,True,original sound,7282587380622838558,2024-05-16
105,Replying to @That one GIRL âœ¨ Comment how you did ğŸ‘‡ #brainteaser  #mindgame  #tiktokgames ,showerwithspongebob; 7331779385324995626,5600000,246500,6784,True,original sound,7351432745414085419,2024-05-16
106,#fyp ,audrey; 6740250673243309061,53800000,9300000,39700,True,sad SpongeBob music,6714159100260813573,2024-05-16
107,do you want a or wanna box for your food? #serverthings ,gia; 2279265,14100000,2400000,6270,True,original sound,7339734541282609950,2024-05-16
108,Get you a friend who knows your favorite songs! I didnâ€™t know he was recording but this is now one of my favorite videos ğŸ˜­. #nickiminaj #barbz #fypã‚· #fyp #pinkfriday2tour #gagcityworldtour #nickiminajconcert #gagcity #monica #wakaflocka #gagcityatlanta #nickiminajtour #barbz4life ,Black Barbie ğŸ¦„; 3782606,12100000,2400000,1166,True,original sound,7349912096773704491,2024-05-16
109,#keyboard #trend #mechanicalkeyboard ,Hiiihappycore; 7333339681982039083,7500000,288600,7730,True,original sound,7191472678388206379,2024-05-16
110,#STURNIOLO || The fart machine ğŸ˜­ || #chrissturniolo #mattsturniolo #nicksturniolo #sturniolotriplets #blowthisupforme #viral || @Sturnioloâ€™s ,ğŸ¸âœ¨jazminâœ¨ğŸ¸; 7163677267473040430,10800000,1900000,4899,True,original sound,7347169893869095726,2024-05-16
111,,ğŸ’²ğŸ’²; 7253827594569712682,3500000,734500,3724,True,original sound,7337020030678338347,2024-05-16
112,Dramatic ahh parents bro ong #fyp ,Farzy; 7046554430851335214,6900000,1200000,1870,True,original sound,7340411643614595882,2024-05-16
113,Replying to @Cardi B Thanks for the love @Cardi B ğŸ«¶â¤ï¸ OkurrğŸ—£ï¸ #cardib #miami #bardigang #15 #cardibsounds #cardib15 #15 #march #new #drop #song #cardibsounds #cardib15 #trending #viral #cardib #2018vibes #viralvideo #blowthisup #growmyaccount #goviral #makemefamous #makemeviral #dontletthisflop #4u #newsong #miami #drop #cardib15 #enoughcardi #enough ,Hazel; 7039675374397146158,4700000,389500,3021,False,Enough (Miami),7343762687811357486,2024-05-16
114,always selling me ğŸ’” @emilia ,tristin; 6815728544426836998,7800000,1500000,4706,True,stop using this sound,7083565884538768134,2024-05-16
115,"muscle memory âš ï¸ALL FAKE PROPS, SAFE ENVIRONMENTâš ï¸ #cod #tactical #tacticalcosplay #tacticalgear #callofdutycosplay #maskcosplay #callofdutyoc #callofduty #shadowcompany #fyp #airsoft #codcosplay ",ğ™²ğšŠğš•ğš•ğšœğš’ğšğš— â€œğš†ğš’ğšğšŒğš‘â€; 6634074945951547397,1100000,123100,0,True,Like That Sped Up,7228910107302677294,2024-05-16
116,He never just wanna listenğŸ˜‚ğŸ˜‚ğŸ¤¦ğŸ¾â€â™‚ï¸ #fyp #viralğŸ˜‚ğŸ¤¦ğŸ¾â€â™‚ï¸ ,Chris And Unc; 7062524451655468079,19500000,3000000,19900,True,original sound,7347804619742956330,2024-05-16
117,I miss the old kanye,Anthony; 6621041555531972613,8200000,847200,5595,False,i hate new kanye,7200161322737076226,2024-05-16
118,They hate for what ,Makenley; 6789794365612508165,6000000,1200000,5425,True,original sound,7271683616785091374,2024-05-16
119,Replying to @fifa creator lfc2005 fake everything #fyp #edmondx ,eddy; 6895110428373353477,2100000,176200,1716,True,original sound,7339676712327777066,2024-05-16
120,Replying to @UncleRayRay Avoid saying the same answer as me! How far did you get? #challenge  #brainteaser  #generalknowledge  #guessinggame  #fyp,showerwithspongebob; 7331779385324995626,3200000,118000,7646,True,original sound,7348532180769655598,2024-05-16
121,#fyp #fypã‚· #football ,Cris; 7203184068720313387,7300000,894700,2472,True,original sound,7351175959376825131,2024-05-16
122,ğŸ˜ğŸ˜ #fyp ,ArianysğŸ€; 7361683342267532331,1500000,408100,858,True,original sound,6903248618367601413,2024-05-16
123,#beforeprom ğŸ˜‚ğŸ˜‚,_kayla_maddem_; 6784189930563339270,3000000,196000,30,True,original sound,7344936741768006443,2024-05-16
124,Obsessed w this song,LelaSohna; 7344180391299040302,6200000,680500,3812,False,Jump,7349039536389195778,2024-05-16
125,"#CapCut Nah, no way skipper said that #madagascar #penguins #penguinsofmadagascar #edit ",rizzyohioedits; 7351167680785548334,6400000,972200,12400,True,original sound,7354132354560199470,2024-05-16
126,Any ideas ? ,Sturnioloâ€™s; 6931640760798479365,18800000,4200000,20000,True,original sound,7342034095876557598,2024-05-16
127,Iâ€™m not wrong ğŸ¤·ğŸ»â€â™€ï¸ #fyp ,Beth; 6660315348242169862,26100000,4000000,20400,True,original sound,7358218588546681643,2024-05-16
128,i love this dance ğŸ¥° #icywicy #fyp #foryou #444 #foryoupage ,icy wicy ğŸ’—ğŸ’˜ğŸ’; 7025301418152887343,9600000,1000000,5593,True,original sound,7354971299153808171,2024-05-16
129,Wipped out the star costume  #wlw #07 #fyp #hyperfeminine #dollette #livingdoll #lolita ,Ëšâ‚Šâ€§ê’°áƒ sofie à»’ê’± â€§â‚ŠËš; 7137865006095418411,2400000,618900,1863,True,original sound,7202783783920110342,2024-05-16
130,Chick Fil A girl collab before GTA 6 ğŸ¤”ğŸ—£ï¸ğŸ—£ï¸ @Gina  #chickfilagirl #chickfila,Preston; 6698503821624640518,16400000,1100000,6203,True,original sound,7359676573684894510,2024-05-16
131,#fyp #foryou #viral ,Simon; 6801632857133712389,5200000,1100000,6312,True,original sound,7336762480963668782,2024-05-16
132,guess in the comments below #hardmodeğŸ”¥ #fyp #foryoupage ,elizabeth (kanyeâ€™s version); 6864359640211129349,21600000,3000000,3500,True,original sound,7347178620722350891,2024-05-16
133,,destiny; 1563659,15300000,2400000,9123,True,original sound,7357094227999722282,2024-05-16
134,#kittensoftiktok #catsoftiktok #foryou #fyp ,kitty; 7309723475550684203,22300000,3800000,32900,True,original sound,7348032130032782126,2024-05-16
135,@Music @ğš”ğšğš—ğš—ğšŠğŸ #b #blueberry #ahh ,h0rror_sp@ce; 7321124610285437998,2500000,202000,6870,True,original sound,7201513320402160427,2024-05-16
136,finally did a @peter nguyen edit!! #foryoupage #fyp #peternugget #peteredit #blowup #capcut ,lourd; 7025708058886456367,4200000,826900,4436,True,original sound,7362685050359417642,2024-05-16
137,#fyp #piinkmangoo ,Pink MangoğŸ’–; 7059367931463910446,13500000,3100000,14800,True,original sound,7352440671079795502,2024-05-16
138,No thanks:),ğŸ‘¸ğŸ¼; 7033773665074332677,4000000,464500,2348,False,Grow A Pear,7000801422019987457,2024-05-16
139,New Trust Fall Video Will Be Posted Once We Reach 900K followersğŸ”¥ #fyp #foryou #foryoupage ,ifyouwereaf0; 6851219126985573381,11100000,1700000,11400,True,original sound,7354505580922374958,2024-05-16
140,,megalodon_Aiden_kelson; 7238300490981999659,10600000,1800000,9055,False,EVIL EMPIRE,7353973997443139585,2024-05-16
141,IvanğŸ˜ğŸ’”,Omarnutro; 6638964609708982277,6900000,973500,6569,True,original sound,7343813268701858602,2024-05-16
142,Got em  #alligator#crocodile#caiman ,CrazycaimanladyğŸŠ; 6673861668885431302,5200000,1100000,3749,True,suono originale,7119257134713965318,2024-05-16
143,"muscle memory âš ï¸ALL FAKE PROPS, SAFE ENVIRONMENTâš ï¸ #cod #tactical #tacticalcosplay #tacticalgear #callofdutycosplay #maskcosplay #callofdutyoc #callofduty #shadowcompany #fyp #airsoft #codcosplay ",ğ™²ğšŠğš•ğš•ğšœğš’ğšğš— â€œğš†ğš’ğšğšŒğš‘â€; 6634074945951547397,1100000,123100,0,True,Like That Sped Up,7228910107302677294,2024-05-16
144,someone edit this man ğŸ™Œ II #sturniolos #sturniolotriplets #sturniolotripletfunny #nicolasstruniolo #mattsturniolo #chrissturniolo II@Nicolas Sturniolo @Matt @Christopher Sturniolo ,jersey; 7183766301294560302,4400000,947000,1210,True,original sound,7349312471993273119,2024-05-16
145,get you a girl who can golf,katiana; 6728004630200484870,2300000,161900,948,True,original sound - Sway,7200580400048032554,2024-05-16
146,Wesley needa mind his own business #fyp ,Micah; 6902123158339650565,9000000,1400000,4868,True,original sound,7336334713714674475,2024-05-16
147,Replying to @UncleRayRay Avoid saying the same answer as me! How far did you get? #challenge  #brainteaser  #generalknowledge  #guessinggame  #fyp,showerwithspongebob; 7331779385324995626,3200000,118000,7646,True,original sound,7348532180769655598,2024-05-16
148,,cocorackztf; 7294395231121933358,44100000,8300000,44300,True,original sound,7356694051753560875,2024-05-16
149,u can use my tip gloss baby gorl,Not Ryan; 7086561721167152170,2100000,275000,6467,True,suono originale,7335881352522238752,2024-05-16
150,((This was a drilllâš ï¸ğŸ˜­)) #funny #fypp #fypã‚· #teacher #breathe ,Derikk; 7319186583537665067,20600000,2100000,4330,False,Breath,7343305632148178946,2024-05-16
151,#foryoupage ğŸ˜‚my teacher @ the end,Melanie; 7264062009919849518,19900000,3100000,14900,True,tokold on all plats,7316997965082741547,2024-05-16
152,#fyp #foryou #viral ,Simon; 6801632857133712389,5200000,1100000,6312,True,original sound,7336762480963668782,2024-05-16
153,WHY AM I THE ONLY ONE NOTICED THIS? LMFAO also why did we move on from the tarayummy and vinnie hacker collab so fast like yall are already on to the new chris sturniolo and tarayummy collab meanwhile im left behind still tryna process this one | this aged well ğŸ˜­ğŸ’€ | #fyp #foryou #foryoupage #fy #vhacker #vinniehacker #tarayummy #tyummy #tarayummyclips #new #real #relatable #unserious #viral #joke #comedy #unpopularopinion #controversial #taraandvinnie #vinnieandtara #agedwell #thisagedwell #thisagedpoorly #blowthisup #dontflop #collab #trend #trending #irony #omg #iconic #sarcasm #coquettechris #xyz @Tarayummy @Vinnie @AvağŸŒ· @anita @dropdeadinsane ,kiki | coquettechris; 7149737613066322990,23300000,3500000,1289,True,original sound,7357852277740260139,2024-05-16
154,Easily the coolest person ever ,TheAnimeMen; 6842329708908479494,22300000,3100000,17400,True,original sound,7352628335488289578,2024-05-16
155,Easy crockpot chicken pot pie ğŸ¥§ #easyrecipe #homecooking #crockpot #dinnerideas ,Food Dudes; 7303612897429799979,25600000,1100000,12500,True,original sound,7336634602838149931,2024-05-16
156,@Music @ğš”ğšğš—ğš—ğšŠğŸ #b #blueberry #ahh ,h0rror_sp@ce; 7321124610285437998,2500000,202000,6870,True,original sound,7201513320402160427,2024-05-16
157,Pov: ur gym bro is female LMAOO @KT ğŸ¦‹ ,official.davidpan; 7031016467861767173,5200000,348700,341,False,Beautiful Things,7308548149097450283,2024-05-16
158,#fyp #piinkmangoo ,Pink MangoğŸ’–; 7059367931463910446,13500000,3100000,14800,True,original sound,7352440671079795502,2024-05-16
159,@tayğŸ¥€ğŸ„ â¤ï¸â¤ï¸â¤ï¸,juanap; 6947365525085438981,33200000,5800000,23400,True,Sunday by The Cranberries,7271728118186920705,2024-05-16
160,always selling me ğŸ’” @emilia ,tristin; 6815728544426836998,7800000,1500000,4706,True,stop using this sound,7083565884538768134,2024-05-16
161,ASMR with Leila & her cute nails ğŸ¥°ğŸ¤£ #ASMR #toddlersoftiktok ,mariexnel_; 6745594907597685765,7200000,669500,3533,True,original sound,7349109945440324398,2024-05-16
162,THE QUEEN HAS RETURNED! #fyp #quishathickums ,ğŸ’—ğŸ’°QUI$HATHICUM$ğŸ’°ğŸ’—; 7132173605476533294,7900000,1200000,16400,True,son original,7198275616985107206,2024-05-16
163,Daddys at school #jjk #gojo ,Alien; 7117783477097956394,8000000,1300000,3392,True,Ğ¾Ñ€Ğ¸Ğ³Ğ¸Ğ½Ğ°Ğ»ÑŒĞ½Ñ‹Ğ¹ Ğ·Ğ²ÑƒĞº,7310319007289150210,2024-05-16
164,Please tell me you get it?ğŸ˜­ #catsoftiktok #cat #cats #viral #foryoupage #cars #carsoftiktok #fyp #catsbeingsilly #fyp #sillycar #catmemes #harrypotter ,ğŸˆâ€â¬›; 7212245485869712430,18200000,2500000,21100,True,original sound,6826843865534827269,2024-05-16
165,"â€œIâ€™m him homie, Iâ€™M HIMâ€ || #spencerjames #jordanbaker #allamerican #allamericanseason6 #spencerjamesedit #allamericanedit #dxrkhood #adobeaftereffects #aftereffectsedit #aftereffects #edittok || All American Season 6 Episode 3",Real.; 7100001265639425066,15200000,2500000,9685,True,original sound,7358885336761568042,2024-05-16
166,WatğŸ˜Ÿ,Omarnutro; 6638964609708982277,1900000,254900,1330,True,original sound,7351910821250992942,2024-05-16
167,,Gavin ğŸ¦–; 7019005276796093445,19400000,4300000,23500,True,Yummy,7224232536614898474,2024-05-16
168,In my living room,Flo; 7269870893659112491,2300000,256600,1360,True,original sound,7067332230909676335,2024-05-16
